Workbook

Sheet Instructions
A1: esm(R) | Workflow Data Collection Template
A2: Complete the tabs below so ESM Solutions can configure your approval workflows.
A4: OVERVIEW
A5: What is this? | B5: This template collects your institution's purchase order approval workflow rules. Once complete, return it to your ESM Solutions Consultant, who will use it to configure your system.
A6: Who fills this out? | B6: Your project team - typically the business office or finance lead who knows your approval hierarchy and department codes.
A8: HOW TO USE THIS TEMPLATE
A9: Step 1 - Gather your information | B9: Before filling out this template, collect: - Your Organization Codes (Segment 2 values) for each department - The email addresses of each approver (the same email used for system login) - Your approval dollar thresholds per level (for Steps 3-5) - Any special approval rules (grant funds, specific account codes, etc.)
A10: Step 2 - Go to each tab | B10: Work through the Step tabs (Step 1 through Step 15) in order. Not all steps may apply to your institution - skip or delete any that don't apply. Steps 7-15 are pre-built placeholders that your ESM Solutions Consultant will rename to match your approval hierarchy.
A11: Step 3 - Complete one row per rule | B11: Each row represents one approval rule. If the same approver handles multiple departments, you need one row per department.
A12: Step 4 - Return the file | B12: When complete, email the file back to your ESM Solutions Consultant.
A14: COLOR CODING GUIDE
A15: White cells * | B15: Required or optional data entry fields. Enter your data here.
A16: Gray cells (pre-filled) | B16: These fields are pre-configured by ESM. Do not modify them.
A17: Blue-tinted cells | B17: Reference only - enter approver names here for your own records. This information is NOT imported into the system.
A18: Amber rows | B18: These rows contain field-by-field instructions. Read them before filling in data below.
A20: UNDERSTANDING APPROVAL OPERATORS
A21: NEXT | B21: Approvers are notified sequentially. Approver 2 is only notified after Approver 1 approves.
A22: AND | B22: All approvers are notified simultaneously and all must approve before the order proceeds.
A23: OR | B23: All approvers are notified simultaneously but only one needs to approve for the order to proceed.
A25: TIPS & COMMON MISTAKES
A26: * marks required fields | B26: Columns marked with * must be filled in for every row. Rows missing required fields will fail to import.
A27: Workflow Name must be unique | B27: Every row must have a different Workflow Name. Using the same name on two rows will cause an error.
A28: Use email addresses, not names | B28: The system identifies approvers by email address. A name column is provided for your reference but is not imported.
A29: i Questions? Contact your ESM Solutions Consultant.

Sheet Step 1 - Budget Manager
A1: esm(R) | [Customer Name] - Step 1 - Budget Manager Approval
A2: Complete one row per approval rule. Fund Code, Organization Code, and/or Other Criteria define when this step is triggered. Each unique combination needs its own row.
A3: # | B3: Workflow Name * | C3: Fund Code | D3: Organization Code | E3: Other Criteria | F3: Priority | G3: Operator | H3: Approver 1 Email * | I3: Approver 1 Name | J3: Appr 1-2 Operator | K3: Approver 2 Email | L3: Approver 2 Name | M3: Appr 2-3 Operator | N3: Approver 3 Email | O3: Approver 3 Name | P3: Notes
A4: INSTRUCTIONS -> | B4: Unique name per row. Max 50 chars. Example: Budget Manager Approval - 011001 | C4: Segment 1 value in ESM system. Leave blank if not applicable. Example: 110000 | D4: Segment 2 value in ESM system. Leave blank if not applicable. Example: 011001 | E4: Any additional criteria not covered by Fund Code or Org Code. Example: Account Code, Auxiliary Field value, etc. | F4: Pre-filled: 100 Pre-set. Do not change. | G4: Pre-filled: AND Pre-set. Do not change. | H4: Required. Email address. Example: jane.doe@institution.edu | I4: Reference only - name is NOT imported. | J4: Required if Approver 2 added. NEXT = sequential | AND = all must approve | OR = any one approves | K4: Optional. Email address. | L4: Reference only - not imported. | M4: Required if Approver 3 added. | N4: Optional. Email address. | O4: Reference only - not imported. | P4: Any additional information.
A5: =IF(B5="","",ROW()-4) | F5: 100 | G5: AND
A6: =IF(B6="","",ROW()-4) | F6: 100 | G6: AND
A7: =IF(B7="","",ROW()-4) | F7: 100 | G7: AND
A8: =IF(B8="","",ROW()-4) | F8: 100 | G8: AND
A9: =IF(B9="","",ROW()-4) | F9: 100 | G9: AND
A10: =IF(B10="","",ROW()-4) | F10: 100 | G10: AND
A11: =IF(B11="","",ROW()-4) | F11: 100 | G11: AND
A12: =IF(B12="","",ROW()-4) | F12: 100 | G12: AND
A13: =IF(B13="","",ROW()-4) | F13: 100 | G13: AND
A14: =IF(B14="","",ROW()-4) | F14: 100 | G14: AND
A15: =IF(B15="","",ROW()-4) | F15: 100 | G15: AND
A16: =IF(B16="","",ROW()-4) | F16: 100 | G16: AND
... A54: =IF(B54="","",ROW()-4) | F54: 100 | G54: AND
A55: (C) 2026 ESM Solutions Corporation | Confidential

Sheet Step 2 - Special
A1: esm(R) | [Customer Name] - Step 2 - Special Approvals
A2: Complete one row per special approval rule. Use Fund Code, Organization Code, and/or Other Criteria (e.g. Account Code, Auxiliary Field) to define when this approval is triggered.
A3: # | B3: Workflow Name * | C3: Fund Code | D3: Organization Code | E3: Other Criteria | F3: Priority | G3: Operator | H3: Approver 1 Email * | I3: Approver 1 Name | J3: Appr 1-2 Operator | K3: Approver 2 Email | L3: Approver 2 Name | M3: Appr 2-3 Operator | N3: Notes
A4: INSTRUCTIONS -> | B4: Unique name per row. Max 50 chars. Example: Special Approval - Grant Fund | C4: Segment 1 value in ESM system. Leave blank if not applicable. Example: 110000 | D4: Segment 2 value in ESM system. Leave blank if not applicable. Example: 011001 | E4: Enter Account Code, Auxiliary Field, or other value that triggers this rule. Leave blank if not applicable. | F4: Pre-filled: 200 Pre-set. Do not change. | G4: Pre-filled: AND Pre-set. Do not change. | H4: Required. Email address. Example: jane.doe@institution.edu | I4: Reference only - name is NOT imported. | J4: Required if Approver 2 added. NEXT = sequential | AND = all must approve | OR = any one approves | K4: Optional. Email address. | L4: Reference only - not imported. | M4: Required if Approver 3 added. | N4: Any additional information.
A5: =IF(B5="","",ROW()-4) | F5: 200 | G5: AND
A6: =IF(B6="","",ROW()-4) | F6: 200 | G6: AND
A7: =IF(B7="","",ROW()-4) | F7: 200 | G7: AND
A8: =IF(B8="","",ROW()-4) | F8: 200 | G8: AND
A9: =IF(B9="","",ROW()-4) | F9: 200 | G9: AND
A10: =IF(B10="","",ROW()-4) | F10: 200 | G10: AND
A11: =IF(B11="","",ROW()-4) | F11: 200 | G11: AND
A12: =IF(B12="","",ROW()-4) | F12: 200 | G12: AND
A13: =IF(B13="","",ROW()-4) | F13: 200 | G13: AND
A14: =IF(B14="","",ROW()-4) | F14: 200 | G14: AND
A15: =IF(B15="","",ROW()-4) | F15: 200 | G15: AND
A16: =IF(B16="","",ROW()-4) | F16: 200 | G16: AND
... A54: =IF(B54="","",ROW()-4) | F54: 200 | G54: AND
A55: (C) 2026 ESM Solutions Corporation | Confidential

Sheet Step 3 - Dean-Director-AVP
A1: esm(R) | [Customer Name] - Step 3 - Dean / Director / AVP Approval
A2: Complete one row per approval rule. Fund Code, Organization Code, and/or Other Criteria define when this step is triggered. Transaction Total sets the minimum order amount.
A3: # | B3: Workflow Name * | C3: Fund Code | D3: Organization Code | E3: Other Criteria | F3: Transaction Total (Min $) | G3: Priority | H3: Operator | I3: Approver 1 Email * | J3: Approver 1 Name | K3: Appr 1-2 Operator | L3: Approver 2 Email | M3: Approver 2 Name | N3: Appr 2-3 Operator | O3: Notes
A4: INSTRUCTIONS -> | B4: Unique name per row. Max 50 chars. Example: Dean-Director-AVP Approval - 011001 | C4: Segment 1 value in ESM system. Leave blank if not applicable. Example: 110000 | D4: Segment 2 value in ESM system. Leave blank if not applicable. Example: 011001 | E4: Any additional criteria not covered by Fund Code or Org Code. Leave blank if not applicable. | F4: Minimum order amount that triggers this step. Example: 10000 | G4: Pre-filled: 300 Pre-set. Do not change. | H4: Pre-filled: AND Pre-set. Do not change. | I4: Required. Email address. | J4: Reference only - not imported. | K4: Required if Approver 2 added. NEXT = sequential | AND = all must approve | OR = any one approves | L4: Optional. | M4: Reference only - not imported. | N4: Required if Approver 3 added. | O4: Any additional information.
A5: =IF(B5="","",ROW()-4) | G5: 300 | H5: AND
A6: =IF(B6="","",ROW()-4) | G6: 300 | H6: AND
A7: =IF(B7="","",ROW()-4) | G7: 300 | H7: AND
A8: =IF(B8="","",ROW()-4) | G8: 300 | H8: AND
A9: =IF(B9="","",ROW()-4) | G9: 300 | H9: AND
A10: =IF(B10="","",ROW()-4) | G10: 300 | H10: AND
A11: =IF(B11="","",ROW()-4) | G11: 300 | H11: AND
A12: =IF(B12="","",ROW()-4) | G12: 300 | H12: AND
A13: =IF(B13="","",ROW()-4) | G13: 300 | H13: AND
A14: =IF(B14="","",ROW()-4) | G14: 300 | H14: AND
A15: =IF(B15="","",ROW()-4) | G15: 300 | H15: AND
A16: =IF(B16="","",ROW()-4) | G16: 300 | H16: AND
... A54: =IF(B54="","",ROW()-4) | G54: 300 | H54: AND
A55: (C) 2026 ESM Solutions Corporation | Confidential

Sheet Step 4 - Vice President
A1: esm(R) | [Customer Name] - Step 4 - Vice President Approval
A2: Complete one row per approval rule. Fund Code, Organization Code, and/or Other Criteria define when this step is triggered. Transaction Total sets the minimum order amount.
A3: # | B3: Workflow Name * | C3: Fund Code | D3: Organization Code | E3: Other Criteria | F3: Transaction Total (Min $) | G3: Priority | H3: Operator | I3: Approver 1 Email * | J3: Approver 1 Name | K3: Appr 1-2 Operator | L3: Approver 2 Email | M3: Approver 2 Name | N3: Appr 2-3 Operator | O3: Notes
A4: INSTRUCTIONS -> | B4: Unique name per row. Max 50 chars. Example: Vice President Approval - 011001 | C4: Segment 1 value in ESM system. Leave blank if not applicable. Example: 110000 | D4: Segment 2 value in ESM system. Leave blank if not applicable. Example: 011001 | E4: Any additional criteria not covered by Fund Code or Org Code. Leave blank if not applicable. | F4: Minimum order amount that triggers this step. Example: 25000 | G4: Pre-filled: 400 Pre-set. Do not change. | H4: Pre-filled: AND Pre-set. Do not change. | I4: Required. Email address. | J4: Reference only - not imported. | K4: Required if Approver 2 added. | L4: Optional. | M4: Reference only - not imported. | N4: Required if Approver 3 added. | O4: Any additional information.
A5: =IF(B5="","",ROW()-4) | G5: 400 | H5: AND
A6: =IF(B6="","",ROW()-4) | G6: 400 | H6: AND
A7: =IF(B7="","",ROW()-4) | G7: 400 | H7: AND
A8: =IF(B8="","",ROW()-4) | G8: 400 | H8: AND
A9: =IF(B9="","",ROW()-4) | G9: 400 | H9: AND
A10: =IF(B10="","",ROW()-4) | G10: 400 | H10: AND
A11: =IF(B11="","",ROW()-4) | G11: 400 | H11: AND
A12: =IF(B12="","",ROW()-4) | G12: 400 | H12: AND
A13: =IF(B13="","",ROW()-4) | G13: 400 | H13: AND
A14: =IF(B14="","",ROW()-4) | G14: 400 | H14: AND
A15: =IF(B15="","",ROW()-4) | G15: 400 | H15: AND
A16: =IF(B16="","",ROW()-4) | G16: 400 | H16: AND
... A54: =IF(B54="","",ROW()-4) | G54: 400 | H54: AND
A55: (C) 2026 ESM Solutions Corporation | Confidential

Sheet Step 5 - President
A1: esm(R) | [Customer Name] - Step 5 - President Approval
A2: Complete one row per approval rule. Fund Code, Organization Code, and/or Other Criteria define when this step is triggered. Transaction Total sets the minimum order amount.
A3: # | B3: Workflow Name * | C3: Fund Code | D3: Organization Code | E3: Other Criteria | F3: Transaction Total (Min $) | G3: Priority | H3: Operator | I3: Approver 1 Email * | J3: Approver 1 Name | K3: Appr 1-2 Operator | L3: Approver 2 Email | M3: Approver 2 Name | N3: Appr 2-3 Operator | O3: Notes
A4: INSTRUCTIONS -> | B4: Unique name per row. Max 50 chars. Example: President Approval - 011001 | C4: Segment 1 value in ESM system. Leave blank if not applicable. Example: 110000 | D4: Segment 2 value in ESM system. Leave blank if not applicable. Example: 011001 | E4: Any additional criteria not covered by Fund Code or Org Code. Leave blank if not applicable. | F4: Minimum order amount that triggers this step. Example: 100000 | G4: Pre-filled: 500 Pre-set. Do not change. | H4: Pre-filled: AND Pre-set. Do not change. | I4: Required. Email address. | J4: Reference only - not imported. | K4: Required if Approver 2 added. | L4: Optional. | M4: Reference only - not imported. | N4: Required if Approver 3 added. | O4: Any additional information.
A5: =IF(B5="","",ROW()-4) | G5: 500 | H5: AND
A6: =IF(B6="","",ROW()-4) | G6: 500 | H6: AND
A7: =IF(B7="","",ROW()-4) | G7: 500 | H7: AND
A8: =IF(B8="","",ROW()-4) | G8: 500 | H8: AND
A9: =IF(B9="","",ROW()-4) | G9: 500 | H9: AND
A10: =IF(B10="","",ROW()-4) | G10: 500 | H10: AND
A11: =IF(B11="","",ROW()-4) | G11: 500 | H11: AND
A12: =IF(B12="","",ROW()-4) | G12: 500 | H12: AND
A13: =IF(B13="","",ROW()-4) | G13: 500 | H13: AND
A14: =IF(B14="","",ROW()-4) | G14: 500 | H14: AND
A15: =IF(B15="","",ROW()-4) | G15: 500 | H15: AND
A16: =IF(B16="","",ROW()-4) | G16: 500 | H16: AND
... A54: =IF(B54="","",ROW()-4) | G54: 500 | H54: AND
A55: (C) 2026 ESM Solutions Corporation | Confidential

Sheet Step 6 - Purchasing
A1: esm(R) | [Customer Name] - Step 6 - Purchasing Approval
A2: Complete one row per Purchasing approval rule. Fund Code, Organization Code, and/or Other Criteria define when Purchasing review is required.
A3: # | B3: Workflow Name * | C3: Fund Code | D3: Organization Code | E3: Other Criteria | F3: Priority | G3: Operator | H3: Approver 1 Email * | I3: Approver 1 Name | J3: Appr 1-2 Operator | K3: Approver 2 Email | L3: Approver 2 Name | M3: Appr 2-3 Operator | N3: Notes
A4: INSTRUCTIONS -> | B4: Unique name per row. Max 50 chars. Example: Purchasing Approval - EH&S | C4: Segment 1 value in ESM system. Leave blank if not applicable. Example: 110000 | D4: Segment 2 value in ESM system. Leave blank if not applicable. Example: 011001 | E4: Any additional criteria not covered by Fund Code or Org Code. Leave blank if not applicable. | F4: Pre-filled: 600 Pre-set. Do not change. | G4: Pre-filled: AND Pre-set. Do not change. | H4: Required. Email address. | I4: Reference only - not imported. | J4: Required if Approver 2 added. | K4: Optional. | L4: Reference only - not imported. | M4: Required if Approver 3 added. | N4: Any additional information.
A5: =IF(B5="","",ROW()-4) | F5: 600 | G5: AND
A6: =IF(B6="","",ROW()-4) | F6: 600 | G6: AND
A7: =IF(B7="","",ROW()-4) | F7: 600 | G7: AND
A8: =IF(B8="","",ROW()-4) | F8: 600 | G8: AND
A9: =IF(B9="","",ROW()-4) | F9: 600 | G9: AND
A10: =IF(B10="","",ROW()-4) | F10: 600 | G10: AND
A11: =IF(B11="","",ROW()-4) | F11: 600 | G11: AND
A12: =IF(B12="","",ROW()-4) | F12: 600 | G12: AND
A13: =IF(B13="","",ROW()-4) | F13: 600 | G13: AND
A14: =IF(B14="","",ROW()-4) | F14: 600 | G14: AND
A15: =IF(B15="","",ROW()-4) | F15: 600 | G15: AND
A16: =IF(B16="","",ROW()-4) | F16: 600 | G16: AND
... A54: =IF(B54="","",ROW()-4) | F54: 600 | G54: AND
A55: (C) 2026 ESM Solutions Corporation | Confidential

Sheet Step 7 - Dept Head
A1: esm(R) | [Customer Name] - Step 7 - Department Head Approval
A2: Placeholder step 7. Rename this tab and update the title to match your institution's approval hierarchy. Delete this tab if not needed.
A3: # | B3: Workflow Name * | C3: Fund Code | D3: Organization Code | E3: Other Criteria | F3: Transaction Total (Min $) | G3: Priority | H3: Operator | I3: Approver 1 Email * | J3: Approver 1 Name | K3: Appr 1-2 Operator | L3: Approver 2 Email | M3: Approver 2 Name | N3: Appr 2-3 Operator | O3: Notes
A4: INSTRUCTIONS -> | B4: Unique name per row. Max 50 chars. Example: Department Head Approval - 011001 | C4: Segment 1 value in ESM system. Leave blank if not applicable. Example: 110000 | D4: Segment 2 value in ESM system. Leave blank if not applicable. Example: 011001 | E4: Any additional criteria not covered by Fund Code or Org Code. Leave blank if not applicable. | F4: Minimum order amount that triggers this step. Leave blank if no dollar threshold applies. | G4: Pre-filled: 700 Pre-set. Do not change. | H4: Pre-filled: AND Pre-set. Do not change. | I4: Required. Email address. | J4: Reference only - not imported. | K4: Required if Approver 2 added. NEXT = sequential | AND = all must approve | OR = any one approves | L4: Optional. | M4: Reference only - not imported. | N4: Required if Approver 3 added. | O4: Any additional information.
A5: =IF(B5="","",ROW()-4) | G5: 700 | H5: AND
A6: =IF(B6="","",ROW()-4) | G6: 700 | H6: AND
A7: =IF(B7="","",ROW()-4) | G7: 700 | H7: AND
A8: =IF(B8="","",ROW()-4) | G8: 700 | H8: AND
A9: =IF(B9="","",ROW()-4) | G9: 700 | H9: AND
A10: =IF(B10="","",ROW()-4) | G10: 700 | H10: AND
A11: =IF(B11="","",ROW()-4) | G11: 700 | H11: AND
A12: =IF(B12="","",ROW()-4) | G12: 700 | H12: AND
A13: =IF(B13="","",ROW()-4) | G13: 700 | H13: AND
A14: =IF(B14="","",ROW()-4) | G14: 700 | H14: AND
A15: =IF(B15="","",ROW()-4) | G15: 700 | H15: AND
A16: =IF(B16="","",ROW()-4) | G16: 700 | H16: AND
... A54: =IF(B54="","",ROW()-4) | G54: 700 | H54: AND
A55: (C) 2026 ESM Solutions Corporation | Confidential

Sheet Step 8 - Controller
A1: esm(R) | [Customer Name] - Step 8 - Controller Approval
A2: Placeholder step 8. Rename this tab and update the title to match your institution's approval hierarchy. Delete this tab if not needed.
A3: # | B3: Workflow Name * | C3: Fund Code | D3: Organization Code | E3: Other Criteria | F3: Transaction Total (Min $) | G3: Priority | H3: Operator | I3: Approver 1 Email * | J3: Approver 1 Name | K3: Appr 1-2 Operator | L3: Approver 2 Email | M3: Approver 2 Name | N3: Appr 2-3 Operator | O3: Notes
A4: INSTRUCTIONS -> | B4: Unique name per row. Max 50 chars. Example: Controller Approval - 011001 | C4: Segment 1 value in ESM system. Leave blank if not applicable. Example: 110000 | D4: Segment 2 value in ESM system. Leave blank if not applicable. Example: 011001 | E4: Any additional criteria not covered by Fund Code or Org Code. Leave blank if not applicable. | F4: Minimum order amount that triggers this step. Leave blank if no dollar threshold applies. | G4: Pre-filled: 800 Pre-set. Do not change. | H4: Pre-filled: AND Pre-set. Do not change. | I4: Required. Email address. | J4: Reference only - not imported. | K4: Required if Approver 2 added. NEXT = sequential | AND = all must approve | OR = any one approves | L4: Optional. | M4: Reference only - not imported. | N4: Required if Approver 3 added. | O4: Any additional information.
A5: =IF(B5="","",ROW()-4) | G5: 800 | H5: AND
A6: =IF(B6="","",ROW()-4) | G6: 800 | H6: AND
A7: =IF(B7="","",ROW()-4) | G7: 800 | H7: AND
A8: =IF(B8="","",ROW()-4) | G8: 800 | H8: AND
A9: =IF(B9="","",ROW()-4) | G9: 800 | H9: AND
A10: =IF(B10="","",ROW()-4) | G10: 800 | H10: AND
A11: =IF(B11="","",ROW()-4) | G11: 800 | H11: AND
A12: =IF(B12="","",ROW()-4) | G12: 800 | H12: AND
A13: =IF(B13="","",ROW()-4) | G13: 800 | H13: AND
A14: =IF(B14="","",ROW()-4) | G14: 800 | H14: AND
A15: =IF(B15="","",ROW()-4) | G15: 800 | H15: AND
A16: =IF(B16="","",ROW()-4) | G16: 800 | H16: AND
... A54: =IF(B54="","",ROW()-4) | G54: 800 | H54: AND
A55: (C) 2026 ESM Solutions Corporation | Confidential

Sheet Step 9 - CFO
A1: esm(R) | [Customer Name] - Step 9 - CFO Approval
A2: Placeholder step 9. Rename this tab and update the title to match your institution's approval hierarchy. Delete this tab if not needed.
A3: # | B3: Workflow Name * | C3: Fund Code | D3: Organization Code | E3: Other Criteria | F3: Transaction Total (Min $) | G3: Priority | H3: Operator | I3: Approver 1 Email * | J3: Approver 1 Name | K3: Appr 1-2 Operator | L3: Approver 2 Email | M3: Approver 2 Name | N3: Appr 2-3 Operator | O3: Notes
A4: INSTRUCTIONS -> | B4: Unique name per row. Max 50 chars. Example: CFO Approval - 011001 | C4: Segment 1 value in ESM system. Leave blank if not applicable. Example: 110000 | D4: Segment 2 value in ESM system. Leave blank if not applicable. Example: 011001 | E4: Any additional criteria not covered by Fund Code or Org Code. Leave blank if not applicable. | F4: Minimum order amount that triggers this step. Leave blank if no dollar threshold applies. | G4: Pre-filled: 900 Pre-set. Do not change. | H4: Pre-filled: AND Pre-set. Do not change. | I4: Required. Email address. | J4: Reference only - not imported. | K4: Required if Approver 2 added. NEXT = sequential | AND = all must approve | OR = any one approves | L4: Optional. | M4: Reference only - not imported. | N4: Required if Approver 3 added. | O4: Any additional information.
A5: =IF(B5="","",ROW()-4) | G5: 900 | H5: AND
A6: =IF(B6="","",ROW()-4) | G6: 900 | H6: AND
A7: =IF(B7="","",ROW()-4) | G7: 900 | H7: AND
A8: =IF(B8="","",ROW()-4) | G8: 900 | H8: AND
A9: =IF(B9="","",ROW()-4) | G9: 900 | H9: AND
A10: =IF(B10="","",ROW()-4) | G10: 900 | H10: AND
A11: =IF(B11="","",ROW()-4) | G11: 900 | H11: AND
A12: =IF(B12="","",ROW()-4) | G12: 900 | H12: AND
A13: =IF(B13="","",ROW()-4) | G13: 900 | H13: AND
A14: =IF(B14="","",ROW()-4) | G14: 900 | H14: AND
A15: =IF(B15="","",ROW()-4) | G15: 900 | H15: AND
A16: =IF(B16="","",ROW()-4) | G16: 900 | H16: AND
... A54: =IF(B54="","",ROW()-4) | G54: 900 | H54: AND
A55: (C) 2026 ESM Solutions Corporation | Confidential

Sheet Step 10 - Provost
A1: esm(R) | [Customer Name] - Step 10 - Provost Approval
A2: Placeholder step 10. Rename this tab and update the title to match your institution's approval hierarchy. Delete this tab if not needed.
A3: # | B3: Workflow Name * | C3: Fund Code | D3: Organization Code | E3: Other Criteria | F3: Transaction Total (Min $) | G3: Priority | H3: Operator | I3: Approver 1 Email * | J3: Approver 1 Name | K3: Appr 1-2 Operator | L3: Approver 2 Email | M3: Approver 2 Name | N3: Appr 2-3 Operator | O3: Notes
A4: INSTRUCTIONS -> | B4: Unique name per row. Max 50 chars. Example: Provost Approval - 011001 | C4: Segment 1 value in ESM system. Leave blank if not applicable. Example: 110000 | D4: Segment 2 value in ESM system. Leave blank if not applicable. Example: 011001 | E4: Any additional criteria not covered by Fund Code or Org Code. Leave blank if not applicable. | F4: Minimum order amount that triggers this step. Leave blank if no dollar threshold applies. | G4: Pre-filled: 1000 Pre-set. Do not change. | H4: Pre-filled: AND Pre-set. Do not change. | I4: Required. Email address. | J4: Reference only - not imported. | K4: Required if Approver 2 added. NEXT = sequential | AND = all must approve | OR = any one approves | L4: Optional. | M4: Reference only - not imported. | N4: Required if Approver 3 added. | O4: Any additional information.
A5: =IF(B5="","",ROW()-4) | G5: 1000 | H5: AND
A6: =IF(B6="","",ROW()-4) | G6: 1000 | H6: AND
A7: =IF(B7="","",ROW()-4) | G7: 1000 | H7: AND
A8: =IF(B8="","",ROW()-4) | G8: 1000 | H8: AND
A9: =IF(B9="","",ROW()-4) | G9: 1000 | H9: AND
A10: =IF(B10="","",ROW()-4) | G10: 1000 | H10: AND
A11: =IF(B11="","",ROW()-4) | G11: 1000 | H11: AND
A12: =IF(B12="","",ROW()-4) | G12: 1000 | H12: AND
A13: =IF(B13="","",ROW()-4) | G13: 1000 | H13: AND
A14: =IF(B14="","",ROW()-4) | G14: 1000 | H14: AND
A15: =IF(B15="","",ROW()-4) | G15: 1000 | H15: AND
A16: =IF(B16="","",ROW()-4) | G16: 1000 | H16: AND
... A54: =IF(B54="","",ROW()-4) | G54: 1000 | H54: AND
A55: (C) 2026 ESM Solutions Corporation | Confidential

Sheet Step 11 - Board
A1: esm(R) | [Customer Name] - Step 11 - Board / Trustee Approval
A2: Placeholder step 11. Rename this tab and update the title to match your institution's approval hierarchy. Delete this tab if not needed.
A3: # | B3: Workflow Name * | C3: Fund Code | D3: Organization Code | E3: Other Criteria | F3: Transaction Total (Min $) | G3: Priority | H3: Operator | I3: Approver 1 Email * | J3: Approver 1 Name | K3: Appr 1-2 Operator | L3: Approver 2 Email | M3: Approver 2 Name | N3: Appr 2-3 Operator | O3: Notes
A4: INSTRUCTIONS -> | B4: Unique name per row. Max 50 chars. Example: Board / Trustee Approval - 011001 | C4: Segment 1 value in ESM system. Leave blank if not applicable. Example: 110000 | D4: Segment 2 value in ESM system. Leave blank if not applicable. Example: 011001 | E4: Any additional criteria not covered by Fund Code or Org Code. Leave blank if not applicable. | F4: Minimum order amount that triggers this step. Leave blank if no dollar threshold applies. | G4: Pre-filled: 1100 Pre-set. Do not change. | H4: Pre-filled: AND Pre-set. Do not change. | I4: Required. Email address. | J4: Reference only - not imported. | K4: Required if Approver 2 added. NEXT = sequential | AND = all must approve | OR = any one approves | L4: Optional. | M4: Reference only - not imported. | N4: Required if Approver 3 added. | O4: Any additional information.
A5: =IF(B5="","",ROW()-4) | G5: 1100 | H5: AND
A6: =IF(B6="","",ROW()-4) | G6: 1100 | H6: AND
A7: =IF(B7="","",ROW()-4) | G7: 1100 | H7: AND
A8: =IF(B8="","",ROW()-4) | G8: 1100 | H8: AND
A9: =IF(B9="","",ROW()-4) | G9: 1100 | H9: AND
A10: =IF(B10="","",ROW()-4) | G10: 1100 | H10: AND
A11: =IF(B11="","",ROW()-4) | G11: 1100 | H11: AND
A12: =IF(B12="","",ROW()-4) | G12: 1100 | H12: AND
A13: =IF(B13="","",ROW()-4) | G13: 1100 | H13: AND
A14: =IF(B14="","",ROW()-4) | G14: 1100 | H14: AND
A15: =IF(B15="","",ROW()-4) | G15: 1100 | H15: AND
A16: =IF(B16="","",ROW()-4) | G16: 1100 | H16: AND
... A54: =IF(B54="","",ROW()-4) | G54: 1100 | H54: AND
A55: (C) 2026 ESM Solutions Corporation | Confidential

Sheet Step 12 - Legal
A1: esm(R) | [Customer Name] - Step 12 - Legal Review
A2: Placeholder step 12. Rename this tab and update the title to match your institution's approval hierarchy. Delete this tab if not needed.
A3: # | B3: Workflow Name * | C3: Fund Code | D3: Organization Code | E3: Other Criteria | F3: Transaction Total (Min $) | G3: Priority | H3: Operator | I3: Approver 1 Email * | J3: Approver 1 Name | K3: Appr 1-2 Operator | L3: Approver 2 Email | M3: Approver 2 Name | N3: Appr 2-3 Operator | O3: Notes
A4: INSTRUCTIONS -> | B4: Unique name per row. Max 50 chars. Example: Legal Review - 011001 | C4: Segment 1 value in ESM system. Leave blank if not applicable. Example: 110000 | D4: Segment 2 value in ESM system. Leave blank if not applicable. Example: 011001 | E4: Any additional criteria not covered by Fund Code or Org Code. Leave blank if not applicable. | F4: Minimum order amount that triggers this step. Leave blank if no dollar threshold applies. | G4: Pre-filled: 1200 Pre-set. Do not change. | H4: Pre-filled: AND Pre-set. Do not change. | I4: Required. Email address. | J4: Reference only - not imported. | K4: Required if Approver 2 added. NEXT = sequential | AND = all must approve | OR = any one approves | L4: Optional. | M4: Reference only - not imported. | N4: Required if Approver 3 added. | O4: Any additional information.
A5: =IF(B5="","",ROW()-4) | G5: 1200 | H5: AND
A6: =IF(B6="","",ROW()-4) | G6: 1200 | H6: AND
A7: =IF(B7="","",ROW()-4) | G7: 1200 | H7: AND
A8: =IF(B8="","",ROW()-4) | G8: 1200 | H8: AND
A9: =IF(B9="","",ROW()-4) | G9: 1200 | H9: AND
A10: =IF(B10="","",ROW()-4) | G10: 1200 | H10: AND
A11: =IF(B11="","",ROW()-4) | G11: 1200 | H11: AND
A12: =IF(B12="","",ROW()-4) | G12: 1200 | H12: AND
A13: =IF(B13="","",ROW()-4) | G13: 1200 | H13: AND
A14: =IF(B14="","",ROW()-4) | G14: 1200 | H14: AND
A15: =IF(B15="","",ROW()-4) | G15: 1200 | H15: AND
A16: =IF(B16="","",ROW()-4) | G16: 1200 | H16: AND
... A54: =IF(B54="","",ROW()-4) | G54: 1200 | H54: AND
A55: (C) 2026 ESM Solutions Corporation | Confidential

Sheet Step 13 - Compliance
A1: esm(R) | [Customer Name] - Step 13 - Compliance Review
A2: Placeholder step 13. Rename this tab and update the title to match your institution's approval hierarchy. Delete this tab if not needed.
A3: # | B3: Workflow Name * | C3: Fund Code | D3: Organization Code | E3: Other Criteria | F3: Transaction Total (Min $) | G3: Priority | H3: Operator | I3: Approver 1 Email * | J3: Approver 1 Name | K3: Appr 1-2 Operator | L3: Approver 2 Email | M3: Approver 2 Name | N3: Appr 2-3 Operator | O3: Notes
A4: INSTRUCTIONS -> | B4: Unique name per row. Max 50 chars. Example: Compliance Review - 011001 | C4: Segment 1 value in ESM system. Leave blank if not applicable. Example: 110000 | D4: Segment 2 value in ESM system. Leave blank if not applicable. Example: 011001 | E4: Any additional criteria not covered by Fund Code or Org Code. Leave blank if not applicable. | F4: Minimum order amount that triggers this step. Leave blank if no dollar threshold applies. | G4: Pre-filled: 1300 Pre-set. Do not change. | H4: Pre-filled: AND Pre-set. Do not change. | I4: Required. Email address. | J4: Reference only - not imported. | K4: Required if Approver 2 added. NEXT = sequential | AND = all must approve | OR = any one approves | L4: Optional. | M4: Reference only - not imported. | N4: Required if Approver 3 added. | O4: Any additional information.
A5: =IF(B5="","",ROW()-4) | G5: 1300 | H5: AND
A6: =IF(B6="","",ROW()-4) | G6: 1300 | H6: AND
A7: =IF(B7="","",ROW()-4) | G7: 1300 | H7: AND
A8: =IF(B8="","",ROW()-4) | G8: 1300 | H8: AND
A9: =IF(B9="","",ROW()-4) | G9: 1300 | H9: AND
A10: =IF(B10="","",ROW()-4) | G10: 1300 | H10: AND
A11: =IF(B11="","",ROW()-4) | G11: 1300 | H11: AND
A12: =IF(B12="","",ROW()-4) | G12: 1300 | H12: AND
A13: =IF(B13="","",ROW()-4) | G13: 1300 | H13: AND
A14: =IF(B14="","",ROW()-4) | G14: 1300 | H14: AND
A15: =IF(B15="","",ROW()-4) | G15: 1300 | H15: AND
A16: =IF(B16="","",ROW()-4) | G16: 1300 | H16: AND
... A54: =IF(B54="","",ROW()-4) | G54: 1300 | H54: AND
A55: (C) 2026 ESM Solutions Corporation | Confidential

Sheet Step 14 - IT Review
A1: esm(R) | [Customer Name] - Step 14 - IT / Security Review
A2: Placeholder step 14. Rename this tab and update the title to match your institution's approval hierarchy. Delete this tab if not needed.
A3: # | B3: Workflow Name * | C3: Fund Code | D3: Organization Code | E3: Other Criteria | F3: Transaction Total (Min $) | G3: Priority | H3: Operator | I3: Approver 1 Email * | J3: Approver 1 Name | K3: Appr 1-2 Operator | L3: Approver 2 Email | M3: Approver 2 Name | N3: Appr 2-3 Operator | O3: Notes
A4: INSTRUCTIONS -> | B4: Unique name per row. Max 50 chars. Example: IT / Security Review - 011001 | C4: Segment 1 value in ESM system. Leave blank if not applicable. Example: 110000 | D4: Segment 2 value in ESM system. Leave blank if not applicable. Example: 011001 | E4: Any additional criteria not covered by Fund Code or Org Code. Leave blank if not applicable. | F4: Minimum order amount that triggers this step. Leave blank if no dollar threshold applies. | G4: Pre-filled: 1400 Pre-set. Do not change. | H4: Pre-filled: AND Pre-set. Do not change. | I4: Required. Email address. | J4: Reference only - not imported. | K4: Required if Approver 2 added. NEXT = sequential | AND = all must approve | OR = any one approves | L4: Optional. | M4: Reference only - not imported. | N4: Required if Approver 3 added. | O4: Any additional information.
A5: =IF(B5="","",ROW()-4) | G5: 1400 | H5: AND
A6: =IF(B6="","",ROW()-4) | G6: 1400 | H6: AND
A7: =IF(B7="","",ROW()-4) | G7: 1400 | H7: AND
A8: =IF(B8="","",ROW()-4) | G8: 1400 | H8: AND
A9: =IF(B9="","",ROW()-4) | G9: 1400 | H9: AND
A10: =IF(B10="","",ROW()-4) | G10: 1400 | H10: AND
A11: =IF(B11="","",ROW()-4) | G11: 1400 | H11: AND
A12: =IF(B12="","",ROW()-4) | G12: 1400 | H12: AND
A13: =IF(B13="","",ROW()-4) | G13: 1400 | H13: AND
A14: =IF(B14="","",ROW()-4) | G14: 1400 | H14: AND
A15: =IF(B15="","",ROW()-4) | G15: 1400 | H15: AND
A16: =IF(B16="","",ROW()-4) | G16: 1400 | H16: AND
... A54: =IF(B54="","",ROW()-4) | G54: 1400 | H54: AND
A55: (C) 2026 ESM Solutions Corporation | Confidential

Sheet Step 15 - Final Approval
A1: esm(R) | [Customer Name] - Step 15 - Final Approval
A2: Placeholder step 15. Rename this tab and update the title to match your institution's approval hierarchy. Delete this tab if not needed.
A3: # | B3: Workflow Name * | C3: Fund Code | D3: Organization Code | E3: Other Criteria | F3: Transaction Total (Min $) | G3: Priority | H3: Operator | I3: Approver 1 Email * | J3: Approver 1 Name | K3: Appr 1-2 Operator | L3: Approver 2 Email | M3: Approver 2 Name | N3: Appr 2-3 Operator | O3: Notes
A4: INSTRUCTIONS -> | B4: Unique name per row. Max 50 chars. Example: Final Approval - 011001 | C4: Segment 1 value in ESM system. Leave blank if not applicable. Example: 110000 | D4: Segment 2 value in ESM system. Leave blank if not applicable. Example: 011001 | E4: Any additional criteria not covered by Fund Code or Org Code. Leave blank if not applicable. | F4: Minimum order amount that triggers this step. Leave blank if no dollar threshold applies. | G4: Pre-filled: 1500 Pre-set. Do not change. | H4: Pre-filled: AND Pre-set. Do not change. | I4: Required. Email address. | J4: Reference only - not imported. | K4: Required if Approver 2 added. NEXT = sequential | AND = all must approve | OR = any one approves | L4: Optional. | M4: Reference only - not imported. | N4: Required if Approver 3 added. | O4: Any additional information.
A5: =IF(B5="","",ROW()-4) | G5: 1500 | H5: AND
A6: =IF(B6="","",ROW()-4) | G6: 1500 | H6: AND
A7: =IF(B7="","",ROW()-4) | G7: 1500 | H7: AND
A8: =IF(B8="","",ROW()-4) | G8: 1500 | H8: AND
A9: =IF(B9="","",ROW()-4) | G9: 1500 | H9: AND
A10: =IF(B10="","",ROW()-4) | G10: 1500 | H10: AND
A11: =IF(B11="","",ROW()-4) | G11: 1500 | H11: AND
A12: =IF(B12="","",ROW()-4) | G12: 1500 | H12: AND
A13: =IF(B13="","",ROW()-4) | G13: 1500 | H13: AND
A14: =IF(B14="","",ROW()-4) | G14: 1500 | H14: AND
A15: =IF(B15="","",ROW()-4) | G15: 1500 | H15: AND
A16: =IF(B16="","",ROW()-4) | G16: 1500 | H16: AND
... A54: =IF(B54="","",ROW()-4) | G54: 1500 | H54: AND
A55: (C) 2026 ESM Solutions Corporation | Confidential

Sheet ESM Import (SC Use)
A1: esm(R) | Workflow & Notification Import File - FOR SOLUTIONS CONSULTANT USE ONLY
A2: This tab auto-populates from the customer Step tabs. Once the customer returns the completed file: 1. Review data in rows below for accuracy. 2. Filter out any blank rows (column B = empty). 3. Copy rows 5 onward + save as CSV to create the import file.
A3: Template Version | B3: 1.1
A4: Workflow/Notification
A5: Status | B5: * Workflow Name | C5: * Order Notification Name | D5: Workflow Priority | E5: * Operator | F5: * Criteria 1 Name | G5: * Criteria 1 Condition | H5: * Criteria 1 Value | I5: Criteria 2 Name | J5: Criteria 2 Condition | K5: Criteria 2 Value | L5: Criteria 3 Name | M5: Criteria 3 Condition | N5: Criteria 3 Value | O5: Criteria 4 Name | P5: Criteria 4 Condition | Q5: Criteria 4 Value | R5: Criteria 5 Name | S5: Criteria 5 Condition | T5: Criteria 5 Value | U5: * Approver or Notified User 1 | V5: Approver 1 Operator | W5: Approver or Notified User 2 | X5: Approver 2 Operator | Y5: Approver or Notified User 3 | Z5: Approver 3 Operator | AA5: Approver or Notified User 4 | AB5: Approver 4 Operator | AC5: Approver or Notified User 5 | AD5: Approver 5 Operator | AE5: Approver or Notified User 6 | AF5: Approver 6 Operator | AG5: Approver or Notified User 7 | AH5: Approver 7 Operator | AI5: Approver or Notified User 8 | AJ5: Approver 8 Operator | AK5: Approver or Notified User 9 | AL5: Approver 9 Operator | AM5: Approver or Notified User 10
A6: Char = 8 | B6: Char = 50 | C6: Char = 50 | D6: Char = 5 | E6: Char = 3 | F6: Char = 100 | G6: Char = 16 | H6: Char = 100 | I6: Char = 100 | J6: Char = 16 | K6: Char = 100 | L6: Char = 100 | M6: Char = 16 | N6: Char = 100 | O6: Char = 100 | P6: Char = 16 | Q6: Char = 100 | R6: Char = 100 | S6: Char = 16 | T6: Char = 100 | U6: Char = 100 | V6: Char = 4 | W6: Char = 100 | X6: Char = 4 | Y6: Char = 100 | Z6: Char = 4 | AA6: Char = 100 | AB6: Char = 4 | AC6: Char = 100 | AD6: Char = 4 | AE6: Char = 100 | AF6: Char = 4 | AG6: Char = 100 | AH6: Char = 4 | AI6: Char = 100 | AJ6: Char = 4 | AK6: Char = 100 | AL6: Char = 4 | AM6: Char = 100
A7: v Step 1 - Budget Manager Approval (from 'Step 1 - Budget Manager' tab) v
A8: =IF('Step 1 - Budget Manager'!B5="","","Active") | B8: =IF('Step 1 - Budget Manager'!B5="","",'Step 1 - Budget Manager'!B5) | C8: =IF('Step 1 - Budget Manager'!B5="","",'Step 1 - Budget Manager'!B5) | D8: =IF('Step 1 - Budget Manager'!B5="","",'Step 1 - Budget Manager'!F5) | E8: =IF('Step 1 - Budget Manager'!B5="","",'Step 1 - Budget Manager'!G5) | F8: =IF('Step 1 - Budget Manager'!B5="","",IF('Step 1 - Budget Manager'!C5="","","Fund Code")) | G8: =IF('Step 1 - Budget Manager'!B5="","",IF('Step 1 - Budget Manager'!C5="","","Equals")) | H8: =IF('Step 1 - Budget Manager'!B5="","",IF('Step 1 - Budget Manager'!C5="","",'Step 1 - Budget Manager'!C5)) | I8: =IF('Step 1 - Budget Manager'!B5="","","Organization Code") | J8: =IF('Step 1 - Budget Manager'!B5="","","Equals") | K8: =IF('Step 1 - Budget Manager'!B5="","",'Step 1 - Budget Manager'!D5) | L8: =IF('Step 1 - Budget Manager'!B5="","","Other Criteria") | M8: =IF('Step 1 - Budget Manager'!B5="","","Equals") | N8: =IF('Step 1 - Budget Manager'!B5="","",'Step 1 - Budget Manager'!E5) | O8: ="" | P8: ="" | Q8: ="" | R8: ="" | S8: ="" | T8: ="" | U8: =IF('Step 1 - Budget Manager'!B5="","",'Step 1 - Budget Manager'!H5) | V8: =IF('Step 1 - Budget Manager'!B5="","",'Step 1 - Budget Manager'!J5) | W8: =IF('Step 1 - Budget Manager'!B5="","",'Step 1 - Budget Manager'!K5) | X8: =IF('Step 1 - Budget Manager'!B5="","",'Step 1 - Budget Manager'!M5) | Y8: =IF('Step 1 - Budget Manager'!B5="","",'Step 1 - Budget Manager'!N5) | Z8: ="" | AA8: ="" | AB8: ="" | AC8: ="" | AD8: ="" | AE8: ="" | AF8: ="" | AG8: ="" | ... AM8: =""
A9: =IF('Step 1 - Budget Manager'!B6="","","Active") | B9: =IF('Step 1 - Budget Manager'!B6="","",'Step 1 - Budget Manager'!B6) | C9: =IF('Step 1 - Budget Manager'!B6="","",'Step 1 - Budget Manager'!B6) | D9: =IF('Step 1 - Budget Manager'!B6="","",'Step 1 - Budget Manager'!F6) | E9: =IF('Step 1 - Budget Manager'!B6="","",'Step 1 - Budget Manager'!G6) | F9: =IF('Step 1 - Budget Manager'!B6="","",IF('Step 1 - Budget Manager'!C6="","","Fund Code")) | G9: =IF('Step 1 - Budget Manager'!B6="","",IF('Step 1 - Budget Manager'!C6="","","Equals")) | H9: =IF('Step 1 - Budget Manager'!B6="","",IF('Step 1 - Budget Manager'!C6="","",'Step 1 - Budget Manager'!C6)) | I9: =IF('Step 1 - Budget Manager'!B6="","","Organization Code") | J9: =IF('Step 1 - Budget Manager'!B6="","","Equals") | K9: =IF('Step 1 - Budget Manager'!B6="","",'Step 1 - Budget Manager'!D6) | L9: =IF('Step 1 - Budget Manager'!B6="","","Other Criteria") | M9: =IF('Step 1 - Budget Manager'!B6="","","Equals") | N9: =IF('Step 1 - Budget Manager'!B6="","",'Step 1 - Budget Manager'!E6) | O9: ="" | P9: ="" | Q9: ="" | R9: ="" | S9: ="" | T9: ="" | U9: =IF('Step 1 - Budget Manager'!B6="","",'Step 1 - Budget Manager'!H6) | V9: =IF('Step 1 - Budget Manager'!B6="","",'Step 1 - Budget Manager'!J6) | W9: =IF('Step 1 - Budget Manager'!B6="","",'Step 1 - Budget Manager'!K6) | X9: =IF('Step 1 - Budget Manager'!B6="","",'Step 1 - Budget Manager'!M6) | Y9: =IF('Step 1 - Budget Manager'!B6="","",'Step 1 - Budget Manager'!N6) | Z9: ="" | AA9: ="" | AB9: ="" | AC9: ="" | AD9: ="" | AE9: ="" | AF9: ="" | AG9: ="" | ... AM9: =""
A10: =IF('Step 1 - Budget Manager'!B7="","","Active") | B10: =IF('Step 1 - Budget Manager'!B7="","",'Step 1 - Budget Manager'!B7) | C10: =IF('Step 1 - Budget Manager'!B7="","",'Step 1 - Budget Manager'!B7) | D10: =IF('Step 1 - Budget Manager'!B7="","",'Step 1 - Budget Manager'!F7) | E10: =IF('Step 1 - Budget Manager'!B7="","",'Step 1 - Budget Manager'!G7) | F10: =IF('Step 1 - Budget Manager'!B7="","",IF('Step 1 - Budget Manager'!C7="","","Fund Code")) | G10: =IF('Step 1 - Budget Manager'!B7="","",IF('Step 1 - Budget Manager'!C7="","","Equals")) | H10: =IF('Step 1 - Budget Manager'!B7="","",IF('Step 1 - Budget Manager'!C7="","",'Step 1 - Budget Manager'!C7)) | I10: =IF('Step 1 - Budget Manager'!B7="","","Organization Code") | J10: =IF('Step 1 - Budget Manager'!B7="","","Equals") | K10: =IF('Step 1 - Budget Manager'!B7="","",'Step 1 - Budget Manager'!D7) | L10: =IF('Step 1 - Budget Manager'!B7="","","Other Criteria") | M10: =IF('Step 1 - Budget Manager'!B7="","","Equals") | N10: =IF('Step 1 - Budget Manager'!B7="","",'Step 1 - Budget Manager'!E7) | O10: ="" | P10: ="" | Q10: ="" | R10: ="" | S10: ="" | T10: ="" | U10: =IF('Step 1 - Budget Manager'!B7="","",'Step 1 - Budget Manager'!H7) | V10: =IF('Step 1 - Budget Manager'!B7="","",'Step 1 - Budget Manager'!J7) | W10: =IF('Step 1 - Budget Manager'!B7="","",'Step 1 - Budget Manager'!K7) | X10: =IF('Step 1 - Budget Manager'!B7="","",'Step 1 - Budget Manager'!M7) | Y10: =IF('Step 1 - Budget Manager'!B7="","",'Step 1 - Budget Manager'!N7) | Z10: ="" | AA10: ="" | AB10: ="" | AC10: ="" | AD10: ="" | AE10: ="" | AF10: ="" | AG10: ="" | ... AM10: =""
A11: =IF('Step 1 - Budget Manager'!B8="","","Active") | B11: =IF('Step 1 - Budget Manager'!B8="","",'Step 1 - Budget Manager'!B8) | C11: =IF('Step 1 - Budget Manager'!B8="","",'Step 1 - Budget Manager'!B8) | D11: =IF('Step 1 - Budget Manager'!B8="","",'Step 1 - Budget Manager'!F8) | E11: =IF('Step 1 - Budget Manager'!B8="","",'Step 1 - Budget Manager'!G8) | F11: =IF('Step 1 - Budget Manager'!B8="","",IF('Step 1 - Budget Manager'!C8="","","Fund Code")) | G11: =IF('Step 1 - Budget Manager'!B8="","",IF('Step 1 - Budget Manager'!C8="","","Equals")) | H11: =IF('Step 1 - Budget Manager'!B8="","",IF('Step 1 - Budget Manager'!C8="","",'Step 1 - Budget Manager'!C8)) | I11: =IF('Step 1 - Budget Manager'!B8="","","Organization Code") | J11: =IF('Step 1 - Budget Manager'!B8="","","Equals") | K11: =IF('Step 1 - Budget Manager'!B8="","",'Step 1 - Budget Manager'!D8) | L11: =IF('Step 1 - Budget Manager'!B8="","","Other Criteria") | M11: =IF('Step 1 - Budget Manager'!B8="","","Equals") | N11: =IF('Step 1 - Budget Manager'!B8="","",'Step 1 - Budget Manager'!E8) | O11: ="" | P11: ="" | Q11: ="" | R11: ="" | S11: ="" | T11: ="" | U11: =IF('Step 1 - Budget Manager'!B8="","",'Step 1 - Budget Manager'!H8) | V11: =IF('Step 1 - Budget Manager'!B8="","",'Step 1 - Budget Manager'!J8) | W11: =IF('Step 1 - Budget Manager'!B8="","",'Step 1 - Budget Manager'!K8) | X11: =IF('Step 1 - Budget Manager'!B8="","",'Step 1 - Budget Manager'!M8) | Y11: =IF('Step 1 - Budget Manager'!B8="","",'Step 1 - Budget Manager'!N8) | Z11: ="" | AA11: ="" | AB11: ="" | AC11: ="" | AD11: ="" | AE11: ="" | AF11: ="" | AG11: ="" | ... AM11: =""
A12: =IF('Step 1 - Budget Manager'!B9="","","Active") | B12: =IF('Step 1 - Budget Manager'!B9="","",'Step 1 - Budget Manager'!B9) | C12: =IF('Step 1 - Budget Manager'!B9="","",'Step 1 - Budget Manager'!B9) | D12: =IF('Step 1 - Budget Manager'!B9="","",'Step 1 - Budget Manager'!F9) | E12: =IF('Step 1 - Budget Manager'!B9="","",'Step 1 - Budget Manager'!G9) | F12: =IF('Step 1 - Budget Manager'!B9="","",IF('Step 1 - Budget Manager'!C9="","","Fund Code")) | G12: =IF('Step 1 - Budget Manager'!B9="","",IF('Step 1 - Budget Manager'!C9="","","Equals")) | H12: =IF('Step 1 - Budget Manager'!B9="","",IF('Step 1 - Budget Manager'!C9="","",'Step 1 - Budget Manager'!C9)) | I12: =IF('Step 1 - Budget Manager'!B9="","","Organization Code") | J12: =IF('Step 1 - Budget Manager'!B9="","","Equals") | K12: =IF('Step 1 - Budget Manager'!B9="","",'Step 1 - Budget Manager'!D9) | L12: =IF('Step 1 - Budget Manager'!B9="","","Other Criteria") | M12: =IF('Step 1 - Budget Manager'!B9="","","Equals") | N12: =IF('Step 1 - Budget Manager'!B9="","",'Step 1 - Budget Manager'!E9) | O12: ="" | P12: ="" | Q12: ="" | R12: ="" | S12: ="" | T12: ="" | U12: =IF('Step 1 - Budget Manager'!B9="","",'Step 1 - Budget Manager'!H9) | V12: =IF('Step 1 - Budget Manager'!B9="","",'Step 1 - Budget Manager'!J9) | W12: =IF('Step 1 - Budget Manager'!B9="","",'Step 1 - Budget Manager'!K9) | X12: =IF('Step 1 - Budget Manager'!B9="","",'Step 1 - Budget Manager'!M9) | Y12: =IF('Step 1 - Budget Manager'!B9="","",'Step 1 - Budget Manager'!N9) | Z12: ="" | AA12: ="" | AB12: ="" | AC12: ="" | AD12: ="" | AE12: ="" | AF12: ="" | AG12: ="" | ... AM12: =""
A13: =IF('Step 1 - Budget Manager'!B10="","","Active") | B13: =IF('Step 1 - Budget Manager'!B10="","",'Step 1 - Budget Manager'!B10) | C13: =IF('Step 1 - Budget Manager'!B10="","",'Step 1 - Budget Manager'!B10) | D13: =IF('Step 1 - Budget Manager'!B10="","",'Step 1 - Budget Manager'!F10) | E13: =IF('Step 1 - Budget Manager'!B10="","",'Step 1 - Budget Manager'!G10) | F13: =IF('Step 1 - Budget Manager'!B10="","",IF('Step 1 - Budget Manager'!C10="","","Fund Code")) | G13: =IF('Step 1 - Budget Manager'!B10="","",IF('Step 1 - Budget Manager'!C10="","","Equals")) | H13: =IF('Step 1 - Budget Manager'!B10="","",IF('Step 1 - Budget Manager'!C10="","",'Step 1 - Budget Manager'!C10)) | I13: =IF('Step 1 - Budget Manager'!B10="","","Organization Code") | J13: =IF('Step 1 - Budget Manager'!B10="","","Equals") | K13: =IF('Step 1 - Budget Manager'!B10="","",'Step 1 - Budget Manager'!D10) | L13: =IF('Step 1 - Budget Manager'!B10="","","Other Criteria") | M13: =IF('Step 1 - Budget Manager'!B10="","","Equals") | N13: =IF('Step 1 - Budget Manager'!B10="","",'Step 1 - Budget Manager'!E10) | O13: ="" | P13: ="" | Q13: ="" | R13: ="" | S13: ="" | T13: ="" | U13: =IF('Step 1 - Budget Manager'!B10="","",'Step 1 - Budget Manager'!H10) | V13: =IF('Step 1 - Budget Manager'!B10="","",'Step 1 - Budget Manager'!J10) | W13: =IF('Step 1 - Budget Manager'!B10="","",'Step 1 - Budget Manager'!K10) | X13: =IF('Step 1 - Budget Manager'!B10="","",'Step 1 - Budget Manager'!M10) | Y13: =IF('Step 1 - Budget Manager'!B10="","",'Step 1 - Budget Manager'!N10) | Z13: ="" | AA13: ="" | AB13: ="" | AC13: ="" | AD13: ="" | AE13: ="" | AF13: ="" | AG13: ="" | ... AM13: =""
A14: =IF('Step 1 - Budget Manager'!B11="","","Active") | B14: =IF('Step 1 - Budget Manager'!B11="","",'Step 1 - Budget Manager'!B11) | C14: =IF('Step 1 - Budget Manager'!B11="","",'Step 1 - Budget Manager'!B11) | D14: =IF('Step 1 - Budget Manager'!B11="","",'Step 1 - Budget Manager'!F11) | E14: =IF('Step 1 - Budget Manager'!B11="","",'Step 1 - Budget Manager'!G11) | F14: =IF('Step 1 - Budget Manager'!B11="","",IF('Step 1 - Budget Manager'!C11="","","Fund Code")) | G14: =IF('Step 1 - Budget Manager'!B11="","",IF('Step 1 - Budget Manager'!C11="","","Equals")) | H14: =IF('Step 1 - Budget Manager'!B11="","",IF('Step 1 - Budget Manager'!C11="","",'Step 1 - Budget Manager'!C11)) | I14: =IF('Step 1 - Budget Manager'!B11="","","Organization Code") | J14: =IF('Step 1 - Budget Manager'!B11="","","Equals") | K14: =IF('Step 1 - Budget Manager'!B11="","",'Step 1 - Budget Manager'!D11) | L14: =IF('Step 1 - Budget Manager'!B11="","","Other Criteria") | M14: =IF('Step 1 - Budget Manager'!B11="","","Equals") | N14: =IF('Step 1 - Budget Manager'!B11="","",'Step 1 - Budget Manager'!E11) | O14: ="" | P14: ="" | Q14: ="" | R14: ="" | S14: ="" | T14: ="" | U14: =IF('Step 1 - Budget Manager'!B11="","",'Step 1 - Budget Manager'!H11) | V14: =IF('Step 1 - Budget Manager'!B11="","",'Step 1 - Budget Manager'!J11) | W14: =IF('Step 1 - Budget Manager'!B11="","",'Step 1 - Budget Manager'!K11) | X14: =IF('Step 1 - Budget Manager'!B11="","",'Step 1 - Budget Manager'!M11) | Y14: =IF('Step 1 - Budget Manager'!B11="","",'Step 1 - Budget Manager'!N11) | Z14: ="" | AA14: ="" | AB14: ="" | AC14: ="" | AD14: ="" | AE14: ="" | AF14: ="" | AG14: ="" | ... AM14: =""
A15: =IF('Step 1 - Budget Manager'!B12="","","Active") | B15: =IF('Step 1 - Budget Manager'!B12="","",'Step 1 - Budget Manager'!B12) | C15: =IF('Step 1 - Budget Manager'!B12="","",'Step 1 - Budget Manager'!B12) | D15: =IF('Step 1 - Budget Manager'!B12="","",'Step 1 - Budget Manager'!F12) | E15: =IF('Step 1 - Budget Manager'!B12="","",'Step 1 - Budget Manager'!G12) | F15: =IF('Step 1 - Budget Manager'!B12="","",IF('Step 1 - Budget Manager'!C12="","","Fund Code")) | G15: =IF('Step 1 - Budget Manager'!B12="","",IF('Step 1 - Budget Manager'!C12="","","Equals")) | H15: =IF('Step 1 - Budget Manager'!B12="","",IF('Step 1 - Budget Manager'!C12="","",'Step 1 - Budget Manager'!C12)) | I15: =IF('Step 1 - Budget Manager'!B12="","","Organization Code") | J15: =IF('Step 1 - Budget Manager'!B12="","","Equals") | K15: =IF('Step 1 - Budget Manager'!B12="","",'Step 1 - Budget Manager'!D12) | L15: =IF('Step 1 - Budget Manager'!B12="","","Other Criteria") | M15: =IF('Step 1 - Budget Manager'!B12="","","Equals") | N15: =IF('Step 1 - Budget Manager'!B12="","",'Step 1 - Budget Manager'!E12) | O15: ="" | P15: ="" | Q15: ="" | R15: ="" | S15: ="" | T15: ="" | U15: =IF('Step 1 - Budget Manager'!B12="","",'Step 1 - Budget Manager'!H12) | V15: =IF('Step 1 - Budget Manager'!B12="","",'Step 1 - Budget Manager'!J12) | W15: =IF('Step 1 - Budget Manager'!B12="","",'Step 1 - Budget Manager'!K12) | X15: =IF('Step 1 - Budget Manager'!B12="","",'Step 1 - Budget Manager'!M12) | Y15: =IF('Step 1 - Budget Manager'!B12="","",'Step 1 - Budget Manager'!N12) | Z15: ="" | AA15: ="" | AB15: ="" | AC15: ="" | AD15: ="" | AE15: ="" | AF15: ="" | AG15: ="" | ... AM15: =""
A16: =IF('Step 1 - Budget Manager'!B13="","","Active") | B16: =IF('Step 1 - Budget Manager'!B13="","",'Step 1 - Budget Manager'!B13) | C16: =IF('Step 1 - Budget Manager'!B13="","",'Step 1 - Budget Manager'!B13) | D16: =IF('Step 1 - Budget Manager'!B13="","",'Step 1 - Budget Manager'!F13) | E16: =IF('Step 1 - Budget Manager'!B13="","",'Step 1 - Budget Manager'!G13) | F16: =IF('Step 1 - Budget Manager'!B13="","",IF('Step 1 - Budget Manager'!C13="","","Fund Code")) | G16: =IF('Step 1 - Budget Manager'!B13="","",IF('Step 1 - Budget Manager'!C13="","","Equals")) | H16: =IF('Step 1 - Budget Manager'!B13="","",IF('Step 1 - Budget Manager'!C13="","",'Step 1 - Budget Manager'!C13)) | I16: =IF('Step 1 - Budget Manager'!B13="","","Organization Code") | J16: =IF('Step 1 - Budget Manager'!B13="","","Equals") | K16: =IF('Step 1 - Budget Manager'!B13="","",'Step 1 - Budget Manager'!D13) | L16: =IF('Step 1 - Budget Manager'!B13="","","Other Criteria") | M16: =IF('Step 1 - Budget Manager'!B13="","","Equals") | N16: =IF('Step 1 - Budget Manager'!B13="","",'Step 1 - Budget Manager'!E13) | O16: ="" | P16: ="" | Q16: ="" | R16: ="" | S16: ="" | T16: ="" | U16: =IF('Step 1 - Budget Manager'!B13="","",'Step 1 - Budget Manager'!H13) | V16: =IF('Step 1 - Budget Manager'!B13="","",'Step 1 - Budget Manager'!J13) | W16: =IF('Step 1 - Budget Manager'!B13="","",'Step 1 - Budget Manager'!K13) | X16: =IF('Step 1 - Budget Manager'!B13="","",'Step 1 - Budget Manager'!M13) | Y16: =IF('Step 1 - Budget Manager'!B13="","",'Step 1 - Budget Manager'!N13) | Z16: ="" | AA16: ="" | AB16: ="" | AC16: ="" | AD16: ="" | AE16: ="" | AF16: ="" | AG16: ="" | ... AM16: =""
A17: =IF('Step 1 - Budget Manager'!B14="","","Active") | B17: =IF('Step 1 - Budget Manager'!B14="","",'Step 1 - Budget Manager'!B14) | C17: =IF('Step 1 - Budget Manager'!B14="","",'Step 1 - Budget Manager'!B14) | D17: =IF('Step 1 - Budget Manager'!B14="","",'Step 1 - Budget Manager'!F14) | E17: =IF('Step 1 - Budget Manager'!B14="","",'Step 1 - Budget Manager'!G14) | F17: =IF('Step 1 - Budget Manager'!B14="","",IF('Step 1 - Budget Manager'!C14="","","Fund Code")) | G17: =IF('Step 1 - Budget Manager'!B14="","",IF('Step 1 - Budget Manager'!C14="","","Equals")) | H17: =IF('Step 1 - Budget Manager'!B14="","",IF('Step 1 - Budget Manager'!C14="","",'Step 1 - Budget Manager'!C14)) | I17: =IF('Step 1 - Budget Manager'!B14="","","Organization Code") | J17: =IF('Step 1 - Budget Manager'!B14="","","Equals") | K17: =IF('Step 1 - Budget Manager'!B14="","",'Step 1 - Budget Manager'!D14) | L17: =IF('Step 1 - Budget Manager'!B14="","","Other Criteria") | M17: =IF('Step 1 - Budget Manager'!B14="","","Equals") | N17: =IF('Step 1 - Budget Manager'!B14="","",'Step 1 - Budget Manager'!E14) | O17: ="" | P17: ="" | Q17: ="" | R17: ="" | S17: ="" | T17: ="" | U17: =IF('Step 1 - Budget Manager'!B14="","",'Step 1 - Budget Manager'!H14) | V17: =IF('Step 1 - Budget Manager'!B14="","",'Step 1 - Budget Manager'!J14) | W17: =IF('Step 1 - Budget Manager'!B14="","",'Step 1 - Budget Manager'!K14) | X17: =IF('Step 1 - Budget Manager'!B14="","",'Step 1 - Budget Manager'!M14) | Y17: =IF('Step 1 - Budget Manager'!B14="","",'Step 1 - Budget Manager'!N14) | Z17: ="" | AA17: ="" | AB17: ="" | AC17: ="" | AD17: ="" | AE17: ="" | AF17: ="" | AG17: ="" | ... AM17: =""
A18: =IF('Step 1 - Budget Manager'!B15="","","Active") | B18: =IF('Step 1 - Budget Manager'!B15="","",'Step 1 - Budget Manager'!B15) | C18: =IF('Step 1 - Budget Manager'!B15="","",'Step 1 - Budget Manager'!B15) | D18: =IF('Step 1 - Budget Manager'!B15="","",'Step 1 - Budget Manager'!F15) | E18: =IF('Step 1 - Budget Manager'!B15="","",'Step 1 - Budget Manager'!G15) | F18: =IF('Step 1 - Budget Manager'!B15="","",IF('Step 1 - Budget Manager'!C15="","","Fund Code")) | G18: =IF('Step 1 - Budget Manager'!B15="","",IF('Step 1 - Budget Manager'!C15="","","Equals")) | H18: =IF('Step 1 - Budget Manager'!B15="","",IF('Step 1 - Budget Manager'!C15="","",'Step 1 - Budget Manager'!C15)) | I18: =IF('Step 1 - Budget Manager'!B15="","","Organization Code") | J18: =IF('Step 1 - Budget Manager'!B15="","","Equals") | K18: =IF('Step 1 - Budget Manager'!B15="","",'Step 1 - Budget Manager'!D15) | L18: =IF('Step 1 - Budget Manager'!B15="","","Other Criteria") | M18: =IF('Step 1 - Budget Manager'!B15="","","Equals") | N18: =IF('Step 1 - Budget Manager'!B15="","",'Step 1 - Budget Manager'!E15) | O18: ="" | P18: ="" | Q18: ="" | R18: ="" | S18: ="" | T18: ="" | U18: =IF('Step 1 - Budget Manager'!B15="","",'Step 1 - Budget Manager'!H15) | V18: =IF('Step 1 - Budget Manager'!B15="","",'Step 1 - Budget Manager'!J15) | W18: =IF('Step 1 - Budget Manager'!B15="","",'Step 1 - Budget Manager'!K15) | X18: =IF('Step 1 - Budget Manager'!B15="","",'Step 1 - Budget Manager'!M15) | Y18: =IF('Step 1 - Budget Manager'!B15="","",'Step 1 - Budget Manager'!N15) | Z18: ="" | AA18: ="" | AB18: ="" | AC18: ="" | AD18: ="" | AE18: ="" | AF18: ="" | AG18: ="" | ... AM18: =""
A19: =IF('Step 1 - Budget Manager'!B16="","","Active") | B19: =IF('Step 1 - Budget Manager'!B16="","",'Step 1 - Budget Manager'!B16) | C19: =IF('Step 1 - Budget Manager'!B16="","",'Step 1 - Budget Manager'!B16) | D19: =IF('Step 1 - Budget Manager'!B16="","",'Step 1 - Budget Manager'!F16) | E19: =IF('Step 1 - Budget Manager'!B16="","",'Step 1 - Budget Manager'!G16) | F19: =IF('Step 1 - Budget Manager'!B16="","",IF('Step 1 - Budget Manager'!C16="","","Fund Code")) | G19: =IF('Step 1 - Budget Manager'!B16="","",IF('Step 1 - Budget Manager'!C16="","","Equals")) | H19: =IF('Step 1 - Budget Manager'!B16="","",IF('Step 1 - Budget Manager'!C16="","",'Step 1 - Budget Manager'!C16)) | I19: =IF('Step 1 - Budget Manager'!B16="","","Organization Code") | J19: =IF('Step 1 - Budget Manager'!B16="","","Equals") | K19: =IF('Step 1 - Budget Manager'!B16="","",'Step 1 - Budget Manager'!D16) | L19: =IF('Step 1 - Budget Manager'!B16="","","Other Criteria") | M19: =IF('Step 1 - Budget Manager'!B16="","","Equals") | N19: =IF('Step 1 - Budget Manager'!B16="","",'Step 1 - Budget Manager'!E16) | O19: ="" | P19: ="" | Q19: ="" | R19: ="" | S19: ="" | T19: ="" | U19: =IF('Step 1 - Budget Manager'!B16="","",'Step 1 - Budget Manager'!H16) | V19: =IF('Step 1 - Budget Manager'!B16="","",'Step 1 - Budget Manager'!J16) | W19: =IF('Step 1 - Budget Manager'!B16="","",'Step 1 - Budget Manager'!K16) | X19: =IF('Step 1 - Budget Manager'!B16="","",'Step 1 - Budget Manager'!M16) | Y19: =IF('Step 1 - Budget Manager'!B16="","",'Step 1 - Budget Manager'!N16) | Z19: ="" | AA19: ="" | AB19: ="" | AC19: ="" | AD19: ="" | AE19: ="" | AF19: ="" | AG19: ="" | ... AM19: =""
... A56: =IF('Step 1 - Budget Manager'!B53="","","Active") | B56: =IF('Step 1 - Budget Manager'!B53="","",'Step 1 - Budget Manager'!B53) | C56: =IF('Step 1 - Budget Manager'!B53="","",'Step 1 - Budget Manager'!B53) | D56: =IF('Step 1 - Budget Manager'!B53="","",'Step 1 - Budget Manager'!F53) | E56: =IF('Step 1 - Budget Manager'!B53="","",'Step 1 - Budget Manager'!G53) | F56: =IF('Step 1 - Budget Manager'!B53="","",IF('Step 1 - Budget Manager'!C53="","","Fund Code")) | G56: =IF('Step 1 - Budget Manager'!B53="","",IF('Step 1 - Budget Manager'!C53="","","Equals")) | H56: =IF('Step 1 - Budget Manager'!B53="","",IF('Step 1 - Budget Manager'!C53="","",'Step 1 - Budget Manager'!C53)) | I56: =IF('Step 1 - Budget Manager'!B53="","","Organization Code") | J56: =IF('Step 1 - Budget Manager'!B53="","","Equals") | K56: =IF('Step 1 - Budget Manager'!B53="","",'Step 1 - Budget Manager'!D53) | L56: =IF('Step 1 - Budget Manager'!B53="","","Other Criteria") | M56: =IF('Step 1 - Budget Manager'!B53="","","Equals") | N56: =IF('Step 1 - Budget Manager'!B53="","",'Step 1 - Budget Manager'!E53) | O56: ="" | P56: ="" | Q56: ="" | R56: ="" | S56: ="" | T56: ="" | U56: =IF('Step 1 - Budget Manager'!B53="","",'Step 1 - Budget Manager'!H53) | V56: =IF('Step 1 - Budget Manager'!B53="","",'Step 1 - Budget Manager'!J53) | W56: =IF('Step 1 - Budget Manager'!B53="","",'Step 1 - Budget Manager'!K53) | X56: =IF('Step 1 - Budget Manager'!B53="","",'Step 1 - Budget Manager'!M53) | Y56: =IF('Step 1 - Budget Manager'!B53="","",'Step 1 - Budget Manager'!N53) | Z56: ="" | AA56: ="" | AB56: ="" | AC56: ="" | AD56: ="" | AE56: ="" | AF56: ="" | AG56: ="" | ... AM56: =""
A57: v Step 2 - Special Approvals (from 'Step 2 - Special' tab) v
A58: =IF('Step 2 - Special'!B5="","","Active") | B58: =IF('Step 2 - Special'!B5="","",'Step 2 - Special'!B5) | C58: =IF('Step 2 - Special'!B5="","",'Step 2 - Special'!B5) | D58: =IF('Step 2 - Special'!B5="","",'Step 2 - Special'!F5) | E58: =IF('Step 2 - Special'!B5="","",'Step 2 - Special'!G5) | F58: =IF('Step 2 - Special'!B5="","",IF('Step 2 - Special'!C5="","","Fund Code")) | G58: =IF('Step 2 - Special'!B5="","",IF('Step 2 - Special'!C5="","","Equals")) | H58: =IF('Step 2 - Special'!B5="","",IF('Step 2 - Special'!C5="","",'Step 2 - Special'!C5)) | I58: =IF('Step 2 - Special'!B5="","","Organization Code") | J58: =IF('Step 2 - Special'!B5="","","Equals") | K58: =IF('Step 2 - Special'!B5="","",'Step 2 - Special'!D5) | L58: =IF('Step 2 - Special'!B5="","","Other Criteria") | M58: =IF('Step 2 - Special'!B5="","","Equals") | N58: =IF('Step 2 - Special'!B5="","",'Step 2 - Special'!E5) | O58: ="" | P58: ="" | Q58: ="" | R58: ="" | S58: ="" | T58: ="" | U58: =IF('Step 2 - Special'!B5="","",'Step 2 - Special'!H5) | V58: =IF('Step 2 - Special'!B5="","",'Step 2 - Special'!J5) | W58: =IF('Step 2 - Special'!B5="","",'Step 2 - Special'!K5) | X58: =IF('Step 2 - Special'!B5="","",'Step 2 - Special'!M5) | Y58: ="" | Z58: ="" | AA58: ="" | AB58: ="" | AC58: ="" | AD58: ="" | AE58: ="" | AF58: ="" | ... AM58: =""
A59: =IF('Step 2 - Special'!B6="","","Active") | B59: =IF('Step 2 - Special'!B6="","",'Step 2 - Special'!B6) | C59: =IF('Step 2 - Special'!B6="","",'Step 2 - Special'!B6) | D59: =IF('Step 2 - Special'!B6="","",'Step 2 - Special'!F6) | E59: =IF('Step 2 - Special'!B6="","",'Step 2 - Special'!G6) | F59: =IF('Step 2 - Special'!B6="","",IF('Step 2 - Special'!C6="","","Fund Code")) | G59: =IF('Step 2 - Special'!B6="","",IF('Step 2 - Special'!C6="","","Equals")) | H59: =IF('Step 2 - Special'!B6="","",IF('Step 2 - Special'!C6="","",'Step 2 - Special'!C6)) | I59: =IF('Step 2 - Special'!B6="","","Organization Code") | J59: =IF('Step 2 - Special'!B6="","","Equals") | K59: =IF('Step 2 - Special'!B6="","",'Step 2 - Special'!D6) | L59: =IF('Step 2 - Special'!B6="","","Other Criteria") | M59: =IF('Step 2 - Special'!B6="","","Equals") | N59: =IF('Step 2 - Special'!B6="","",'Step 2 - Special'!E6) | O59: ="" | P59: ="" | Q59: ="" | R59: ="" | S59: ="" | T59: ="" | U59: =IF('Step 2 - Special'!B6="","",'Step 2 - Special'!H6) | V59: =IF('Step 2 - Special'!B6="","",'Step 2 - Special'!J6) | W59: =IF('Step 2 - Special'!B6="","",'Step 2 - Special'!K6) | X59: =IF('Step 2 - Special'!B6="","",'Step 2 - Special'!M6) | Y59: ="" | Z59: ="" | AA59: ="" | AB59: ="" | AC59: ="" | AD59: ="" | AE59: ="" | AF59: ="" | ... AM59: =""
A60: =IF('Step 2 - Special'!B7="","","Active") | B60: =IF('Step 2 - Special'!B7="","",'Step 2 - Special'!B7) | C60: =IF('Step 2 - Special'!B7="","",'Step 2 - Special'!B7) | D60: =IF('Step 2 - Special'!B7="","",'Step 2 - Special'!F7) | E60: =IF('Step 2 - Special'!B7="","",'Step 2 - Special'!G7) | F60: =IF('Step 2 - Special'!B7="","",IF('Step 2 - Special'!C7="","","Fund Code")) | G60: =IF('Step 2 - Special'!B7="","",IF('Step 2 - Special'!C7="","","Equals")) | H60: =IF('Step 2 - Special'!B7="","",IF('Step 2 - Special'!C7="","",'Step 2 - Special'!C7)) | I60: =IF('Step 2 - Special'!B7="","","Organization Code") | J60: =IF('Step 2 - Special'!B7="","","Equals") | K60: =IF('Step 2 - Special'!B7="","",'Step 2 - Special'!D7) | L60: =IF('Step 2 - Special'!B7="","","Other Criteria") | M60: =IF('Step 2 - Special'!B7="","","Equals") | N60: =IF('Step 2 - Special'!B7="","",'Step 2 - Special'!E7) | O60: ="" | P60: ="" | Q60: ="" | R60: ="" | S60: ="" | T60: ="" | U60: =IF('Step 2 - Special'!B7="","",'Step 2 - Special'!H7) | V60: =IF('Step 2 - Special'!B7="","",'Step 2 - Special'!J7) | W60: =IF('Step 2 - Special'!B7="","",'Step 2 - Special'!K7) | X60: =IF('Step 2 - Special'!B7="","",'Step 2 - Special'!M7) | Y60: ="" | Z60: ="" | AA60: ="" | AB60: ="" | AC60: ="" | AD60: ="" | AE60: ="" | AF60: ="" | ... AM60: =""
A61: =IF('Step 2 - Special'!B8="","","Active") | B61: =IF('Step 2 - Special'!B8="","",'Step 2 - Special'!B8) | C61: =IF('Step 2 - Special'!B8="","",'Step 2 - Special'!B8) | D61: =IF('Step 2 - Special'!B8="","",'Step 2 - Special'!F8) | E61: =IF('Step 2 - Special'!B8="","",'Step 2 - Special'!G8) | F61: =IF('Step 2 - Special'!B8="","",IF('Step 2 - Special'!C8="","","Fund Code")) | G61: =IF('Step 2 - Special'!B8="","",IF('Step 2 - Special'!C8="","","Equals")) | H61: =IF('Step 2 - Special'!B8="","",IF('Step 2 - Special'!C8="","",'Step 2 - Special'!C8)) | I61: =IF('Step 2 - Special'!B8="","","Organization Code") | J61: =IF('Step 2 - Special'!B8="","","Equals") | K61: =IF('Step 2 - Special'!B8="","",'Step 2 - Special'!D8) | L61: =IF('Step 2 - Special'!B8="","","Other Criteria") | M61: =IF('Step 2 - Special'!B8="","","Equals") | N61: =IF('Step 2 - Special'!B8="","",'Step 2 - Special'!E8) | O61: ="" | P61: ="" | Q61: ="" | R61: ="" | S61: ="" | T61: ="" | U61: =IF('Step 2 - Special'!B8="","",'Step 2 - Special'!H8) | V61: =IF('Step 2 - Special'!B8="","",'Step 2 - Special'!J8) | W61: =IF('Step 2 - Special'!B8="","",'Step 2 - Special'!K8) | X61: =IF('Step 2 - Special'!B8="","",'Step 2 - Special'!M8) | Y61: ="" | Z61: ="" | AA61: ="" | AB61: ="" | AC61: ="" | AD61: ="" | AE61: ="" | AF61: ="" | ... AM61: =""
A62: =IF('Step 2 - Special'!B9="","","Active") | B62: =IF('Step 2 - Special'!B9="","",'Step 2 - Special'!B9) | C62: =IF('Step 2 - Special'!B9="","",'Step 2 - Special'!B9) | D62: =IF('Step 2 - Special'!B9="","",'Step 2 - Special'!F9) | E62: =IF('Step 2 - Special'!B9="","",'Step 2 - Special'!G9) | F62: =IF('Step 2 - Special'!B9="","",IF('Step 2 - Special'!C9="","","Fund Code")) | G62: =IF('Step 2 - Special'!B9="","",IF('Step 2 - Special'!C9="","","Equals")) | H62: =IF('Step 2 - Special'!B9="","",IF('Step 2 - Special'!C9="","",'Step 2 - Special'!C9)) | I62: =IF('Step 2 - Special'!B9="","","Organization Code") | J62: =IF('Step 2 - Special'!B9="","","Equals") | K62: =IF('Step 2 - Special'!B9="","",'Step 2 - Special'!D9) | L62: =IF('Step 2 - Special'!B9="","","Other Criteria") | M62: =IF('Step 2 - Special'!B9="","","Equals") | N62: =IF('Step 2 - Special'!B9="","",'Step 2 - Special'!E9) | O62: ="" | P62: ="" | Q62: ="" | R62: ="" | S62: ="" | T62: ="" | U62: =IF('Step 2 - Special'!B9="","",'Step 2 - Special'!H9) | V62: =IF('Step 2 - Special'!B9="","",'Step 2 - Special'!J9) | W62: =IF('Step 2 - Special'!B9="","",'Step 2 - Special'!K9) | X62: =IF('Step 2 - Special'!B9="","",'Step 2 - Special'!M9) | Y62: ="" | Z62: ="" | AA62: ="" | AB62: ="" | AC62: ="" | AD62: ="" | AE62: ="" | AF62: ="" | ... AM62: =""
A63: =IF('Step 2 - Special'!B10="","","Active") | B63: =IF('Step 2 - Special'!B10="","",'Step 2 - Special'!B10) | C63: =IF('Step 2 - Special'!B10="","",'Step 2 - Special'!B10) | D63: =IF('Step 2 - Special'!B10="","",'Step 2 - Special'!F10) | E63: =IF('Step 2 - Special'!B10="","",'Step 2 - Special'!G10) | F63: =IF('Step 2 - Special'!B10="","",IF('Step 2 - Special'!C10="","","Fund Code")) | G63: =IF('Step 2 - Special'!B10="","",IF('Step 2 - Special'!C10="","","Equals")) | H63: =IF('Step 2 - Special'!B10="","",IF('Step 2 - Special'!C10="","",'Step 2 - Special'!C10)) | I63: =IF('Step 2 - Special'!B10="","","Organization Code") | J63: =IF('Step 2 - Special'!B10="","","Equals") | K63: =IF('Step 2 - Special'!B10="","",'Step 2 - Special'!D10) | L63: =IF('Step 2 - Special'!B10="","","Other Criteria") | M63: =IF('Step 2 - Special'!B10="","","Equals") | N63: =IF('Step 2 - Special'!B10="","",'Step 2 - Special'!E10) | O63: ="" | P63: ="" | Q63: ="" | R63: ="" | S63: ="" | T63: ="" | U63: =IF('Step 2 - Special'!B10="","",'Step 2 - Special'!H10) | V63: =IF('Step 2 - Special'!B10="","",'Step 2 - Special'!J10) | W63: =IF('Step 2 - Special'!B10="","",'Step 2 - Special'!K10) | X63: =IF('Step 2 - Special'!B10="","",'Step 2 - Special'!M10) | Y63: ="" | Z63: ="" | AA63: ="" | AB63: ="" | AC63: ="" | AD63: ="" | AE63: ="" | AF63: ="" | ... AM63: =""
A64: =IF('Step 2 - Special'!B11="","","Active") | B64: =IF('Step 2 - Special'!B11="","",'Step 2 - Special'!B11) | C64: =IF('Step 2 - Special'!B11="","",'Step 2 - Special'!B11) | D64: =IF('Step 2 - Special'!B11="","",'Step 2 - Special'!F11) | E64: =IF('Step 2 - Special'!B11="","",'Step 2 - Special'!G11) | F64: =IF('Step 2 - Special'!B11="","",IF('Step 2 - Special'!C11="","","Fund Code")) | G64: =IF('Step 2 - Special'!B11="","",IF('Step 2 - Special'!C11="","","Equals")) | H64: =IF('Step 2 - Special'!B11="","",IF('Step 2 - Special'!C11="","",'Step 2 - Special'!C11)) | I64: =IF('Step 2 - Special'!B11="","","Organization Code") | J64: =IF('Step 2 - Special'!B11="","","Equals") | K64: =IF('Step 2 - Special'!B11="","",'Step 2 - Special'!D11) | L64: =IF('Step 2 - Special'!B11="","","Other Criteria") | M64: =IF('Step 2 - Special'!B11="","","Equals") | N64: =IF('Step 2 - Special'!B11="","",'Step 2 - Special'!E11) | O64: ="" | P64: ="" | Q64: ="" | R64: ="" | S64: ="" | T64: ="" | U64: =IF('Step 2 - Special'!B11="","",'Step 2 - Special'!H11) | V64: =IF('Step 2 - Special'!B11="","",'Step 2 - Special'!J11) | W64: =IF('Step 2 - Special'!B11="","",'Step 2 - Special'!K11) | X64: =IF('Step 2 - Special'!B11="","",'Step 2 - Special'!M11) | Y64: ="" | Z64: ="" | AA64: ="" | AB64: ="" | AC64: ="" | AD64: ="" | AE64: ="" | AF64: ="" | ... AM64: =""
A65: =IF('Step 2 - Special'!B12="","","Active") | B65: =IF('Step 2 - Special'!B12="","",'Step 2 - Special'!B12) | C65: =IF('Step 2 - Special'!B12="","",'Step 2 - Special'!B12) | D65: =IF('Step 2 - Special'!B12="","",'Step 2 - Special'!F12) | E65: =IF('Step 2 - Special'!B12="","",'Step 2 - Special'!G12) | F65: =IF('Step 2 - Special'!B12="","",IF('Step 2 - Special'!C12="","","Fund Code")) | G65: =IF('Step 2 - Special'!B12="","",IF('Step 2 - Special'!C12="","","Equals")) | H65: =IF('Step 2 - Special'!B12="","",IF('Step 2 - Special'!C12="","",'Step 2 - Special'!C12)) | I65: =IF('Step 2 - Special'!B12="","","Organization Code") | J65: =IF('Step 2 - Special'!B12="","","Equals") | K65: =IF('Step 2 - Special'!B12="","",'Step 2 - Special'!D12) | L65: =IF('Step 2 - Special'!B12="","","Other Criteria") | M65: =IF('Step 2 - Special'!B12="","","Equals") | N65: =IF('Step 2 - Special'!B12="","",'Step 2 - Special'!E12) | O65: ="" | P65: ="" | Q65: ="" | R65: ="" | S65: ="" | T65: ="" | U65: =IF('Step 2 - Special'!B12="","",'Step 2 - Special'!H12) | V65: =IF('Step 2 - Special'!B12="","",'Step 2 - Special'!J12) | W65: =IF('Step 2 - Special'!B12="","",'Step 2 - Special'!K12) | X65: =IF('Step 2 - Special'!B12="","",'Step 2 - Special'!M12) | Y65: ="" | Z65: ="" | AA65: ="" | AB65: ="" | AC65: ="" | AD65: ="" | AE65: ="" | AF65: ="" | ... AM65: =""
A66: =IF('Step 2 - Special'!B13="","","Active") | B66: =IF('Step 2 - Special'!B13="","",'Step 2 - Special'!B13) | C66: =IF('Step 2 - Special'!B13="","",'Step 2 - Special'!B13) | D66: =IF('Step 2 - Special'!B13="","",'Step 2 - Special'!F13) | E66: =IF('Step 2 - Special'!B13="","",'Step 2 - Special'!G13) | F66: =IF('Step 2 - Special'!B13="","",IF('Step 2 - Special'!C13="","","Fund Code")) | G66: =IF('Step 2 - Special'!B13="","",IF('Step 2 - Special'!C13="","","Equals")) | H66: =IF('Step 2 - Special'!B13="","",IF('Step 2 - Special'!C13="","",'Step 2 - Special'!C13)) | I66: =IF('Step 2 - Special'!B13="","","Organization Code") | J66: =IF('Step 2 - Special'!B13="","","Equals") | K66: =IF('Step 2 - Special'!B13="","",'Step 2 - Special'!D13) | L66: =IF('Step 2 - Special'!B13="","","Other Criteria") | M66: =IF('Step 2 - Special'!B13="","","Equals") | N66: =IF('Step 2 - Special'!B13="","",'Step 2 - Special'!E13) | O66: ="" | P66: ="" | Q66: ="" | R66: ="" | S66: ="" | T66: ="" | U66: =IF('Step 2 - Special'!B13="","",'Step 2 - Special'!H13) | V66: =IF('Step 2 - Special'!B13="","",'Step 2 - Special'!J13) | W66: =IF('Step 2 - Special'!B13="","",'Step 2 - Special'!K13) | X66: =IF('Step 2 - Special'!B13="","",'Step 2 - Special'!M13) | Y66: ="" | Z66: ="" | AA66: ="" | AB66: ="" | AC66: ="" | AD66: ="" | AE66: ="" | AF66: ="" | ... AM66: =""
A67: =IF('Step 2 - Special'!B14="","","Active") | B67: =IF('Step 2 - Special'!B14="","",'Step 2 - Special'!B14) | C67: =IF('Step 2 - Special'!B14="","",'Step 2 - Special'!B14) | D67: =IF('Step 2 - Special'!B14="","",'Step 2 - Special'!F14) | E67: =IF('Step 2 - Special'!B14="","",'Step 2 - Special'!G14) | F67: =IF('Step 2 - Special'!B14="","",IF('Step 2 - Special'!C14="","","Fund Code")) | G67: =IF('Step 2 - Special'!B14="","",IF('Step 2 - Special'!C14="","","Equals")) | H67: =IF('Step 2 - Special'!B14="","",IF('Step 2 - Special'!C14="","",'Step 2 - Special'!C14)) | I67: =IF('Step 2 - Special'!B14="","","Organization Code") | J67: =IF('Step 2 - Special'!B14="","","Equals") | K67: =IF('Step 2 - Special'!B14="","",'Step 2 - Special'!D14) | L67: =IF('Step 2 - Special'!B14="","","Other Criteria") | M67: =IF('Step 2 - Special'!B14="","","Equals") | N67: =IF('Step 2 - Special'!B14="","",'Step 2 - Special'!E14) | O67: ="" | P67: ="" | Q67: ="" | R67: ="" | S67: ="" | T67: ="" | U67: =IF('Step 2 - Special'!B14="","",'Step 2 - Special'!H14) | V67: =IF('Step 2 - Special'!B14="","",'Step 2 - Special'!J14) | W67: =IF('Step 2 - Special'!B14="","",'Step 2 - Special'!K14) | X67: =IF('Step 2 - Special'!B14="","",'Step 2 - Special'!M14) | Y67: ="" | Z67: ="" | AA67: ="" | AB67: ="" | AC67: ="" | AD67: ="" | AE67: ="" | AF67: ="" | ... AM67: =""
A68: =IF('Step 2 - Special'!B15="","","Active") | B68: =IF('Step 2 - Special'!B15="","",'Step 2 - Special'!B15) | C68: =IF('Step 2 - Special'!B15="","",'Step 2 - Special'!B15) | D68: =IF('Step 2 - Special'!B15="","",'Step 2 - Special'!F15) | E68: =IF('Step 2 - Special'!B15="","",'Step 2 - Special'!G15) | F68: =IF('Step 2 - Special'!B15="","",IF('Step 2 - Special'!C15="","","Fund Code")) | G68: =IF('Step 2 - Special'!B15="","",IF('Step 2 - Special'!C15="","","Equals")) | H68: =IF('Step 2 - Special'!B15="","",IF('Step 2 - Special'!C15="","",'Step 2 - Special'!C15)) | I68: =IF('Step 2 - Special'!B15="","","Organization Code") | J68: =IF('Step 2 - Special'!B15="","","Equals") | K68: =IF('Step 2 - Special'!B15="","",'Step 2 - Special'!D15) | L68: =IF('Step 2 - Special'!B15="","","Other Criteria") | M68: =IF('Step 2 - Special'!B15="","","Equals") | N68: =IF('Step 2 - Special'!B15="","",'Step 2 - Special'!E15) | O68: ="" | P68: ="" | Q68: ="" | R68: ="" | S68: ="" | T68: ="" | U68: =IF('Step 2 - Special'!B15="","",'Step 2 - Special'!H15) | V68: =IF('Step 2 - Special'!B15="","",'Step 2 - Special'!J15) | W68: =IF('Step 2 - Special'!B15="","",'Step 2 - Special'!K15) | X68: =IF('Step 2 - Special'!B15="","",'Step 2 - Special'!M15) | Y68: ="" | Z68: ="" | AA68: ="" | AB68: ="" | AC68: ="" | AD68: ="" | AE68: ="" | AF68: ="" | ... AM68: =""
A69: =IF('Step 2 - Special'!B16="","","Active") | B69: =IF('Step 2 - Special'!B16="","",'Step 2 - Special'!B16) | C69: =IF('Step 2 - Special'!B16="","",'Step 2 - Special'!B16) | D69: =IF('Step 2 - Special'!B16="","",'Step 2 - Special'!F16) | E69: =IF('Step 2 - Special'!B16="","",'Step 2 - Special'!G16) | F69: =IF('Step 2 - Special'!B16="","",IF('Step 2 - Special'!C16="","","Fund Code")) | G69: =IF('Step 2 - Special'!B16="","",IF('Step 2 - Special'!C16="","","Equals")) | H69: =IF('Step 2 - Special'!B16="","",IF('Step 2 - Special'!C16="","",'Step 2 - Special'!C16)) | I69: =IF('Step 2 - Special'!B16="","","Organization Code") | J69: =IF('Step 2 - Special'!B16="","","Equals") | K69: =IF('Step 2 - Special'!B16="","",'Step 2 - Special'!D16) | L69: =IF('Step 2 - Special'!B16="","","Other Criteria") | M69: =IF('Step 2 - Special'!B16="","","Equals") | N69: =IF('Step 2 - Special'!B16="","",'Step 2 - Special'!E16) | O69: ="" | P69: ="" | Q69: ="" | R69: ="" | S69: ="" | T69: ="" | U69: =IF('Step 2 - Special'!B16="","",'Step 2 - Special'!H16) | V69: =IF('Step 2 - Special'!B16="","",'Step 2 - Special'!J16) | W69: =IF('Step 2 - Special'!B16="","",'Step 2 - Special'!K16) | X69: =IF('Step 2 - Special'!B16="","",'Step 2 - Special'!M16) | Y69: ="" | Z69: ="" | AA69: ="" | AB69: ="" | AC69: ="" | AD69: ="" | AE69: ="" | AF69: ="" | ... AM69: =""
... A106: =IF('Step 2 - Special'!B53="","","Active") | B106: =IF('Step 2 - Special'!B53="","",'Step 2 - Special'!B53) | C106: =IF('Step 2 - Special'!B53="","",'Step 2 - Special'!B53) | D106: =IF('Step 2 - Special'!B53="","",'Step 2 - Special'!F53) | E106: =IF('Step 2 - Special'!B53="","",'Step 2 - Special'!G53) | F106: =IF('Step 2 - Special'!B53="","",IF('Step 2 - Special'!C53="","","Fund Code")) | G106: =IF('Step 2 - Special'!B53="","",IF('Step 2 - Special'!C53="","","Equals")) | H106: =IF('Step 2 - Special'!B53="","",IF('Step 2 - Special'!C53="","",'Step 2 - Special'!C53)) | I106: =IF('Step 2 - Special'!B53="","","Organization Code") | J106: =IF('Step 2 - Special'!B53="","","Equals") | K106: =IF('Step 2 - Special'!B53="","",'Step 2 - Special'!D53) | L106: =IF('Step 2 - Special'!B53="","","Other Criteria") | M106: =IF('Step 2 - Special'!B53="","","Equals") | N106: =IF('Step 2 - Special'!B53="","",'Step 2 - Special'!E53) | O106: ="" | P106: ="" | Q106: ="" | R106: ="" | S106: ="" | T106: ="" | U106: =IF('Step 2 - Special'!B53="","",'Step 2 - Special'!H53) | V106: =IF('Step 2 - Special'!B53="","",'Step 2 - Special'!J53) | W106: =IF('Step 2 - Special'!B53="","",'Step 2 - Special'!K53) | X106: =IF('Step 2 - Special'!B53="","",'Step 2 - Special'!M53) | Y106: ="" | Z106: ="" | AA106: ="" | AB106: ="" | AC106: ="" | AD106: ="" | AE106: ="" | AF106: ="" | ... AM106: =""
A107: v Step 3 - Dean / Director / AVP Approval (from 'Step 3 - Dean-Director-AVP' tab) v
A108: =IF('Step 3 - Dean-Director-AVP'!B5="","","Active") | B108: =IF('Step 3 - Dean-Director-AVP'!B5="","",'Step 3 - Dean-Director-AVP'!B5) | C108: =IF('Step 3 - Dean-Director-AVP'!B5="","",'Step 3 - Dean-Director-AVP'!B5) | D108: =IF('Step 3 - Dean-Director-AVP'!B5="","",'Step 3 - Dean-Director-AVP'!G5) | E108: =IF('Step 3 - Dean-Director-AVP'!B5="","",'Step 3 - Dean-Director-AVP'!H5) | F108: =IF('Step 3 - Dean-Director-AVP'!B5="","",IF('Step 3 - Dean-Director-AVP'!C5="","","Fund Code")) | G108: =IF('Step 3 - Dean-Director-AVP'!B5="","",IF('Step 3 - Dean-Director-AVP'!C5="","","Equals")) | H108: =IF('Step 3 - Dean-Director-AVP'!B5="","",IF('Step 3 - Dean-Director-AVP'!C5="","",'Step 3 - Dean-Director-AVP'!C5)) | I108: =IF('Step 3 - Dean-Director-AVP'!B5="","","Organization Code") | J108: =IF('Step 3 - Dean-Director-AVP'!B5="","","Equals") | K108: =IF('Step 3 - Dean-Director-AVP'!B5="","",'Step 3 - Dean-Director-AVP'!D5) | L108: =IF('Step 3 - Dean-Director-AVP'!B5="","","Other Criteria") | M108: =IF('Step 3 - Dean-Director-AVP'!B5="","","Equals") | N108: =IF('Step 3 - Dean-Director-AVP'!B5="","",'Step 3 - Dean-Director-AVP'!E5) | O108: =IF('Step 3 - Dean-Director-AVP'!B5="","",IF('Step 3 - Dean-Director-AVP'!F5="","","Total")) | P108: =IF('Step 3 - Dean-Director-AVP'!B5="","",IF('Step 3 - Dean-Director-AVP'!F5="","",">=")) | Q108: =IF('Step 3 - Dean-Director-AVP'!B5="","",IF('Step 3 - Dean-Director-AVP'!F5="","",'Step 3 - Dean-Director-AVP'!F5)) | R108: ="" | S108: ="" | T108: ="" | U108: =IF('Step 3 - Dean-Director-AVP'!B5="","",'Step 3 - Dean-Director-AVP'!I5) | V108: =IF('Step 3 - Dean-Director-AVP'!B5="","",'Step 3 - Dean-Director-AVP'!K5) | W108: =IF('Step 3 - Dean-Director-AVP'!B5="","",'Step 3 - Dean-Director-AVP'!L5) | X108: =IF('Step 3 - Dean-Director-AVP'!B5="","",'Step 3 - Dean-Director-AVP'!N5) | Y108: ="" | Z108: ="" | AA108: ="" | AB108: ="" | AC108: ="" | AD108: ="" | AE108: ="" | AF108: ="" | ... AM108: =""
A109: =IF('Step 3 - Dean-Director-AVP'!B6="","","Active") | B109: =IF('Step 3 - Dean-Director-AVP'!B6="","",'Step 3 - Dean-Director-AVP'!B6) | C109: =IF('Step 3 - Dean-Director-AVP'!B6="","",'Step 3 - Dean-Director-AVP'!B6) | D109: =IF('Step 3 - Dean-Director-AVP'!B6="","",'Step 3 - Dean-Director-AVP'!G6) | E109: =IF('Step 3 - Dean-Director-AVP'!B6="","",'Step 3 - Dean-Director-AVP'!H6) | F109: =IF('Step 3 - Dean-Director-AVP'!B6="","",IF('Step 3 - Dean-Director-AVP'!C6="","","Fund Code")) | G109: =IF('Step 3 - Dean-Director-AVP'!B6="","",IF('Step 3 - Dean-Director-AVP'!C6="","","Equals")) | H109: =IF('Step 3 - Dean-Director-AVP'!B6="","",IF('Step 3 - Dean-Director-AVP'!C6="","",'Step 3 - Dean-Director-AVP'!C6)) | I109: =IF('Step 3 - Dean-Director-AVP'!B6="","","Organization Code") | J109: =IF('Step 3 - Dean-Director-AVP'!B6="","","Equals") | K109: =IF('Step 3 - Dean-Director-AVP'!B6="","",'Step 3 - Dean-Director-AVP'!D6) | L109: =IF('Step 3 - Dean-Director-AVP'!B6="","","Other Criteria") | M109: =IF('Step 3 - Dean-Director-AVP'!B6="","","Equals") | N109: =IF('Step 3 - Dean-Director-AVP'!B6="","",'Step 3 - Dean-Director-AVP'!E6) | O109: =IF('Step 3 - Dean-Director-AVP'!B6="","",IF('Step 3 - Dean-Director-AVP'!F6="","","Total")) | P109: =IF('Step 3 - Dean-Director-AVP'!B6="","",IF('Step 3 - Dean-Director-AVP'!F6="","",">=")) | Q109: =IF('Step 3 - Dean-Director-AVP'!B6="","",IF('Step 3 - Dean-Director-AVP'!F6="","",'Step 3 - Dean-Director-AVP'!F6)) | R109: ="" | S109: ="" | T109: ="" | U109: =IF('Step 3 - Dean-Director-AVP'!B6="","",'Step 3 - Dean-Director-AVP'!I6) | V109: =IF('Step 3 - Dean-Director-AVP'!B6="","",'Step 3 - Dean-Director-AVP'!K6) | W109: =IF('Step 3 - Dean-Director-AVP'!B6="","",'Step 3 - Dean-Director-AVP'!L6) | X109: =IF('Step 3 - Dean-Director-AVP'!B6="","",'Step 3 - Dean-Director-AVP'!N6) | Y109: ="" | Z109: ="" | AA109: ="" | AB109: ="" | AC109: ="" | AD109: ="" | AE109: ="" | AF109: ="" | ... AM109: =""
A110: =IF('Step 3 - Dean-Director-AVP'!B7="","","Active") | B110: =IF('Step 3 - Dean-Director-AVP'!B7="","",'Step 3 - Dean-Director-AVP'!B7) | C110: =IF('Step 3 - Dean-Director-AVP'!B7="","",'Step 3 - Dean-Director-AVP'!B7) | D110: =IF('Step 3 - Dean-Director-AVP'!B7="","",'Step 3 - Dean-Director-AVP'!G7) | E110: =IF('Step 3 - Dean-Director-AVP'!B7="","",'Step 3 - Dean-Director-AVP'!H7) | F110: =IF('Step 3 - Dean-Director-AVP'!B7="","",IF('Step 3 - Dean-Director-AVP'!C7="","","Fund Code")) | G110: =IF('Step 3 - Dean-Director-AVP'!B7="","",IF('Step 3 - Dean-Director-AVP'!C7="","","Equals")) | H110: =IF('Step 3 - Dean-Director-AVP'!B7="","",IF('Step 3 - Dean-Director-AVP'!C7="","",'Step 3 - Dean-Director-AVP'!C7)) | I110: =IF('Step 3 - Dean-Director-AVP'!B7="","","Organization Code") | J110: =IF('Step 3 - Dean-Director-AVP'!B7="","","Equals") | K110: =IF('Step 3 - Dean-Director-AVP'!B7="","",'Step 3 - Dean-Director-AVP'!D7) | L110: =IF('Step 3 - Dean-Director-AVP'!B7="","","Other Criteria") | M110: =IF('Step 3 - Dean-Director-AVP'!B7="","","Equals") | N110: =IF('Step 3 - Dean-Director-AVP'!B7="","",'Step 3 - Dean-Director-AVP'!E7) | O110: =IF('Step 3 - Dean-Director-AVP'!B7="","",IF('Step 3 - Dean-Director-AVP'!F7="","","Total")) | P110: =IF('Step 3 - Dean-Director-AVP'!B7="","",IF('Step 3 - Dean-Director-AVP'!F7="","",">=")) | Q110: =IF('Step 3 - Dean-Director-AVP'!B7="","",IF('Step 3 - Dean-Director-AVP'!F7="","",'Step 3 - Dean-Director-AVP'!F7)) | R110: ="" | S110: ="" | T110: ="" | U110: =IF('Step 3 - Dean-Director-AVP'!B7="","",'Step 3 - Dean-Director-AVP'!I7) | V110: =IF('Step 3 - Dean-Director-AVP'!B7="","",'Step 3 - Dean-Director-AVP'!K7) | W110: =IF('Step 3 - Dean-Director-AVP'!B7="","",'Step 3 - Dean-Director-AVP'!L7) | X110: =IF('Step 3 - Dean-Director-AVP'!B7="","",'Step 3 - Dean-Director-AVP'!N7) | Y110: ="" | Z110: ="" | AA110: ="" | AB110: ="" | AC110: ="" | AD110: ="" | AE110: ="" | AF110: ="" | ... AM110: =""
A111: =IF('Step 3 - Dean-Director-AVP'!B8="","","Active") | B111: =IF('Step 3 - Dean-Director-AVP'!B8="","",'Step 3 - Dean-Director-AVP'!B8) | C111: =IF('Step 3 - Dean-Director-AVP'!B8="","",'Step 3 - Dean-Director-AVP'!B8) | D111: =IF('Step 3 - Dean-Director-AVP'!B8="","",'Step 3 - Dean-Director-AVP'!G8) | E111: =IF('Step 3 - Dean-Director-AVP'!B8="","",'Step 3 - Dean-Director-AVP'!H8) | F111: =IF('Step 3 - Dean-Director-AVP'!B8="","",IF('Step 3 - Dean-Director-AVP'!C8="","","Fund Code")) | G111: =IF('Step 3 - Dean-Director-AVP'!B8="","",IF('Step 3 - Dean-Director-AVP'!C8="","","Equals")) | H111: =IF('Step 3 - Dean-Director-AVP'!B8="","",IF('Step 3 - Dean-Director-AVP'!C8="","",'Step 3 - Dean-Director-AVP'!C8)) | I111: =IF('Step 3 - Dean-Director-AVP'!B8="","","Organization Code") | J111: =IF('Step 3 - Dean-Director-AVP'!B8="","","Equals") | K111: =IF('Step 3 - Dean-Director-AVP'!B8="","",'Step 3 - Dean-Director-AVP'!D8) | L111: =IF('Step 3 - Dean-Director-AVP'!B8="","","Other Criteria") | M111: =IF('Step 3 - Dean-Director-AVP'!B8="","","Equals") | N111: =IF('Step 3 - Dean-Director-AVP'!B8="","",'Step 3 - Dean-Director-AVP'!E8) | O111: =IF('Step 3 - Dean-Director-AVP'!B8="","",IF('Step 3 - Dean-Director-AVP'!F8="","","Total")) | P111: =IF('Step 3 - Dean-Director-AVP'!B8="","",IF('Step 3 - Dean-Director-AVP'!F8="","",">=")) | Q111: =IF('Step 3 - Dean-Director-AVP'!B8="","",IF('Step 3 - Dean-Director-AVP'!F8="","",'Step 3 - Dean-Director-AVP'!F8)) | R111: ="" | S111: ="" | T111: ="" | U111: =IF('Step 3 - Dean-Director-AVP'!B8="","",'Step 3 - Dean-Director-AVP'!I8) | V111: =IF('Step 3 - Dean-Director-AVP'!B8="","",'Step 3 - Dean-Director-AVP'!K8) | W111: =IF('Step 3 - Dean-Director-AVP'!B8="","",'Step 3 - Dean-Director-AVP'!L8) | X111: =IF('Step 3 - Dean-Director-AVP'!B8="","",'Step 3 - Dean-Director-AVP'!N8) | Y111: ="" | Z111: ="" | AA111: ="" | AB111: ="" | AC111: ="" | AD111: ="" | AE111: ="" | AF111: ="" | ... AM111: =""
A112: =IF('Step 3 - Dean-Director-AVP'!B9="","","Active") | B112: =IF('Step 3 - Dean-Director-AVP'!B9="","",'Step 3 - Dean-Director-AVP'!B9) | C112: =IF('Step 3 - Dean-Director-AVP'!B9="","",'Step 3 - Dean-Director-AVP'!B9) | D112: =IF('Step 3 - Dean-Director-AVP'!B9="","",'Step 3 - Dean-Director-AVP'!G9) | E112: =IF('Step 3 - Dean-Director-AVP'!B9="","",'Step 3 - Dean-Director-AVP'!H9) | F112: =IF('Step 3 - Dean-Director-AVP'!B9="","",IF('Step 3 - Dean-Director-AVP'!C9="","","Fund Code")) | G112: =IF('Step 3 - Dean-Director-AVP'!B9="","",IF('Step 3 - Dean-Director-AVP'!C9="","","Equals")) | H112: =IF('Step 3 - Dean-Director-AVP'!B9="","",IF('Step 3 - Dean-Director-AVP'!C9="","",'Step 3 - Dean-Director-AVP'!C9)) | I112: =IF('Step 3 - Dean-Director-AVP'!B9="","","Organization Code") | J112: =IF('Step 3 - Dean-Director-AVP'!B9="","","Equals") | K112: =IF('Step 3 - Dean-Director-AVP'!B9="","",'Step 3 - Dean-Director-AVP'!D9) | L112: =IF('Step 3 - Dean-Director-AVP'!B9="","","Other Criteria") | M112: =IF('Step 3 - Dean-Director-AVP'!B9="","","Equals") | N112: =IF('Step 3 - Dean-Director-AVP'!B9="","",'Step 3 - Dean-Director-AVP'!E9) | O112: =IF('Step 3 - Dean-Director-AVP'!B9="","",IF('Step 3 - Dean-Director-AVP'!F9="","","Total")) | P112: =IF('Step 3 - Dean-Director-AVP'!B9="","",IF('Step 3 - Dean-Director-AVP'!F9="","",">=")) | Q112: =IF('Step 3 - Dean-Director-AVP'!B9="","",IF('Step 3 - Dean-Director-AVP'!F9="","",'Step 3 - Dean-Director-AVP'!F9)) | R112: ="" | S112: ="" | T112: ="" | U112: =IF('Step 3 - Dean-Director-AVP'!B9="","",'Step 3 - Dean-Director-AVP'!I9) | V112: =IF('Step 3 - Dean-Director-AVP'!B9="","",'Step 3 - Dean-Director-AVP'!K9) | W112: =IF('Step 3 - Dean-Director-AVP'!B9="","",'Step 3 - Dean-Director-AVP'!L9) | X112: =IF('Step 3 - Dean-Director-AVP'!B9="","",'Step 3 - Dean-Director-AVP'!N9) | Y112: ="" | Z112: ="" | AA112: ="" | AB112: ="" | AC112: ="" | AD112: ="" | AE112: ="" | AF112: ="" | ... AM112: =""
A113: =IF('Step 3 - Dean-Director-AVP'!B10="","","Active") | B113: =IF('Step 3 - Dean-Director-AVP'!B10="","",'Step 3 - Dean-Director-AVP'!B10) | C113: =IF('Step 3 - Dean-Director-AVP'!B10="","",'Step 3 - Dean-Director-AVP'!B10) | D113: =IF('Step 3 - Dean-Director-AVP'!B10="","",'Step 3 - Dean-Director-AVP'!G10) | E113: =IF('Step 3 - Dean-Director-AVP'!B10="","",'Step 3 - Dean-Director-AVP'!H10) | F113: =IF('Step 3 - Dean-Director-AVP'!B10="","",IF('Step 3 - Dean-Director-AVP'!C10="","","Fund Code")) | G113: =IF('Step 3 - Dean-Director-AVP'!B10="","",IF('Step 3 - Dean-Director-AVP'!C10="","","Equals")) | H113: =IF('Step 3 - Dean-Director-AVP'!B10="","",IF('Step 3 - Dean-Director-AVP'!C10="","",'Step 3 - Dean-Director-AVP'!C10)) | I113: =IF('Step 3 - Dean-Director-AVP'!B10="","","Organization Code") | J113: =IF('Step 3 - Dean-Director-AVP'!B10="","","Equals") | K113: =IF('Step 3 - Dean-Director-AVP'!B10="","",'Step 3 - Dean-Director-AVP'!D10) | L113: =IF('Step 3 - Dean-Director-AVP'!B10="","","Other Criteria") | M113: =IF('Step 3 - Dean-Director-AVP'!B10="","","Equals") | N113: =IF('Step 3 - Dean-Director-AVP'!B10="","",'Step 3 - Dean-Director-AVP'!E10) | O113: =IF('Step 3 - Dean-Director-AVP'!B10="","",IF('Step 3 - Dean-Director-AVP'!F10="","","Total")) | P113: =IF('Step 3 - Dean-Director-AVP'!B10="","",IF('Step 3 - Dean-Director-AVP'!F10="","",">=")) | Q113: =IF('Step 3 - Dean-Director-AVP'!B10="","",IF('Step 3 - Dean-Director-AVP'!F10="","",'Step 3 - Dean-Director-AVP'!F10)) | R113: ="" | S113: ="" | T113: ="" | U113: =IF('Step 3 - Dean-Director-AVP'!B10="","",'Step 3 - Dean-Director-AVP'!I10) | V113: =IF('Step 3 - Dean-Director-AVP'!B10="","",'Step 3 - Dean-Director-AVP'!K10) | W113: =IF('Step 3 - Dean-Director-AVP'!B10="","",'Step 3 - Dean-Director-AVP'!L10) | X113: =IF('Step 3 - Dean-Director-AVP'!B10="","",'Step 3 - Dean-Director-AVP'!N10) | Y113: ="" | Z113: ="" | AA113: ="" | AB113: ="" | AC113: ="" | AD113: ="" | AE113: ="" | AF113: ="" | ... AM113: =""
A114: =IF('Step 3 - Dean-Director-AVP'!B11="","","Active") | B114: =IF('Step 3 - Dean-Director-AVP'!B11="","",'Step 3 - Dean-Director-AVP'!B11) | C114: =IF('Step 3 - Dean-Director-AVP'!B11="","",'Step 3 - Dean-Director-AVP'!B11) | D114: =IF('Step 3 - Dean-Director-AVP'!B11="","",'Step 3 - Dean-Director-AVP'!G11) | E114: =IF('Step 3 - Dean-Director-AVP'!B11="","",'Step 3 - Dean-Director-AVP'!H11) | F114: =IF('Step 3 - Dean-Director-AVP'!B11="","",IF('Step 3 - Dean-Director-AVP'!C11="","","Fund Code")) | G114: =IF('Step 3 - Dean-Director-AVP'!B11="","",IF('Step 3 - Dean-Director-AVP'!C11="","","Equals")) | H114: =IF('Step 3 - Dean-Director-AVP'!B11="","",IF('Step 3 - Dean-Director-AVP'!C11="","",'Step 3 - Dean-Director-AVP'!C11)) | I114: =IF('Step 3 - Dean-Director-AVP'!B11="","","Organization Code") | J114: =IF('Step 3 - Dean-Director-AVP'!B11="","","Equals") | K114: =IF('Step 3 - Dean-Director-AVP'!B11="","",'Step 3 - Dean-Director-AVP'!D11) | L114: =IF('Step 3 - Dean-Director-AVP'!B11="","","Other Criteria") | M114: =IF('Step 3 - Dean-Director-AVP'!B11="","","Equals") | N114: =IF('Step 3 - Dean-Director-AVP'!B11="","",'Step 3 - Dean-Director-AVP'!E11) | O114: =IF('Step 3 - Dean-Director-AVP'!B11="","",IF('Step 3 - Dean-Director-AVP'!F11="","","Total")) | P114: =IF('Step 3 - Dean-Director-AVP'!B11="","",IF('Step 3 - Dean-Director-AVP'!F11="","",">=")) | Q114: =IF('Step 3 - Dean-Director-AVP'!B11="","",IF('Step 3 - Dean-Director-AVP'!F11="","",'Step 3 - Dean-Director-AVP'!F11)) | R114: ="" | S114: ="" | T114: ="" | U114: =IF('Step 3 - Dean-Director-AVP'!B11="","",'Step 3 - Dean-Director-AVP'!I11) | V114: =IF('Step 3 - Dean-Director-AVP'!B11="","",'Step 3 - Dean-Director-AVP'!K11) | W114: =IF('Step 3 - Dean-Director-AVP'!B11="","",'Step 3 - Dean-Director-AVP'!L11) | X114: =IF('Step 3 - Dean-Director-AVP'!B11="","",'Step 3 - Dean-Director-AVP'!N11) | Y114: ="" | Z114: ="" | AA114: ="" | AB114: ="" | AC114: ="" | AD114: ="" | AE114: ="" | AF114: ="" | ... AM114: =""
A115: =IF('Step 3 - Dean-Director-AVP'!B12="","","Active") | B115: =IF('Step 3 - Dean-Director-AVP'!B12="","",'Step 3 - Dean-Director-AVP'!B12) | C115: =IF('Step 3 - Dean-Director-AVP'!B12="","",'Step 3 - Dean-Director-AVP'!B12) | D115: =IF('Step 3 - Dean-Director-AVP'!B12="","",'Step 3 - Dean-Director-AVP'!G12) | E115: =IF('Step 3 - Dean-Director-AVP'!B12="","",'Step 3 - Dean-Director-AVP'!H12) | F115: =IF('Step 3 - Dean-Director-AVP'!B12="","",IF('Step 3 - Dean-Director-AVP'!C12="","","Fund Code")) | G115: =IF('Step 3 - Dean-Director-AVP'!B12="","",IF('Step 3 - Dean-Director-AVP'!C12="","","Equals")) | H115: =IF('Step 3 - Dean-Director-AVP'!B12="","",IF('Step 3 - Dean-Director-AVP'!C12="","",'Step 3 - Dean-Director-AVP'!C12)) | I115: =IF('Step 3 - Dean-Director-AVP'!B12="","","Organization Code") | J115: =IF('Step 3 - Dean-Director-AVP'!B12="","","Equals") | K115: =IF('Step 3 - Dean-Director-AVP'!B12="","",'Step 3 - Dean-Director-AVP'!D12) | L115: =IF('Step 3 - Dean-Director-AVP'!B12="","","Other Criteria") | M115: =IF('Step 3 - Dean-Director-AVP'!B12="","","Equals") | N115: =IF('Step 3 - Dean-Director-AVP'!B12="","",'Step 3 - Dean-Director-AVP'!E12) | O115: =IF('Step 3 - Dean-Director-AVP'!B12="","",IF('Step 3 - Dean-Director-AVP'!F12="","","Total")) | P115: =IF('Step 3 - Dean-Director-AVP'!B12="","",IF('Step 3 - Dean-Director-AVP'!F12="","",">=")) | Q115: =IF('Step 3 - Dean-Director-AVP'!B12="","",IF('Step 3 - Dean-Director-AVP'!F12="","",'Step 3 - Dean-Director-AVP'!F12)) | R115: ="" | S115: ="" | T115: ="" | U115: =IF('Step 3 - Dean-Director-AVP'!B12="","",'Step 3 - Dean-Director-AVP'!I12) | V115: =IF('Step 3 - Dean-Director-AVP'!B12="","",'Step 3 - Dean-Director-AVP'!K12) | W115: =IF('Step 3 - Dean-Director-AVP'!B12="","",'Step 3 - Dean-Director-AVP'!L12) | X115: =IF('Step 3 - Dean-Director-AVP'!B12="","",'Step 3 - Dean-Director-AVP'!N12) | Y115: ="" | Z115: ="" | AA115: ="" | AB115: ="" | AC115: ="" | AD115: ="" | AE115: ="" | AF115: ="" | ... AM115: =""
A116: =IF('Step 3 - Dean-Director-AVP'!B13="","","Active") | B116: =IF('Step 3 - Dean-Director-AVP'!B13="","",'Step 3 - Dean-Director-AVP'!B13) | C116: =IF('Step 3 - Dean-Director-AVP'!B13="","",'Step 3 - Dean-Director-AVP'!B13) | D116: =IF('Step 3 - Dean-Director-AVP'!B13="","",'Step 3 - Dean-Director-AVP'!G13) | E116: =IF('Step 3 - Dean-Director-AVP'!B13="","",'Step 3 - Dean-Director-AVP'!H13) | F116: =IF('Step 3 - Dean-Director-AVP'!B13="","",IF('Step 3 - Dean-Director-AVP'!C13="","","Fund Code")) | G116: =IF('Step 3 - Dean-Director-AVP'!B13="","",IF('Step 3 - Dean-Director-AVP'!C13="","","Equals")) | H116: =IF('Step 3 - Dean-Director-AVP'!B13="","",IF('Step 3 - Dean-Director-AVP'!C13="","",'Step 3 - Dean-Director-AVP'!C13)) | I116: =IF('Step 3 - Dean-Director-AVP'!B13="","","Organization Code") | J116: =IF('Step 3 - Dean-Director-AVP'!B13="","","Equals") | K116: =IF('Step 3 - Dean-Director-AVP'!B13="","",'Step 3 - Dean-Director-AVP'!D13) | L116: =IF('Step 3 - Dean-Director-AVP'!B13="","","Other Criteria") | M116: =IF('Step 3 - Dean-Director-AVP'!B13="","","Equals") | N116: =IF('Step 3 - Dean-Director-AVP'!B13="","",'Step 3 - Dean-Director-AVP'!E13) | O116: =IF('Step 3 - Dean-Director-AVP'!B13="","",IF('Step 3 - Dean-Director-AVP'!F13="","","Total")) | P116: =IF('Step 3 - Dean-Director-AVP'!B13="","",IF('Step 3 - Dean-Director-AVP'!F13="","",">=")) | Q116: =IF('Step 3 - Dean-Director-AVP'!B13="","",IF('Step 3 - Dean-Director-AVP'!F13="","",'Step 3 - Dean-Director-AVP'!F13)) | R116: ="" | S116: ="" | T116: ="" | U116: =IF('Step 3 - Dean-Director-AVP'!B13="","",'Step 3 - Dean-Director-AVP'!I13) | V116: =IF('Step 3 - Dean-Director-AVP'!B13="","",'Step 3 - Dean-Director-AVP'!K13) | W116: =IF('Step 3 - Dean-Director-AVP'!B13="","",'Step 3 - Dean-Director-AVP'!L13) | X116: =IF('Step 3 - Dean-Director-AVP'!B13="","",'Step 3 - Dean-Director-AVP'!N13) | Y116: ="" | Z116: ="" | AA116: ="" | AB116: ="" | AC116: ="" | AD116: ="" | AE116: ="" | AF116: ="" | ... AM116: =""
A117: =IF('Step 3 - Dean-Director-AVP'!B14="","","Active") | B117: =IF('Step 3 - Dean-Director-AVP'!B14="","",'Step 3 - Dean-Director-AVP'!B14) | C117: =IF('Step 3 - Dean-Director-AVP'!B14="","",'Step 3 - Dean-Director-AVP'!B14) | D117: =IF('Step 3 - Dean-Director-AVP'!B14="","",'Step 3 - Dean-Director-AVP'!G14) | E117: =IF('Step 3 - Dean-Director-AVP'!B14="","",'Step 3 - Dean-Director-AVP'!H14) | F117: =IF('Step 3 - Dean-Director-AVP'!B14="","",IF('Step 3 - Dean-Director-AVP'!C14="","","Fund Code")) | G117: =IF('Step 3 - Dean-Director-AVP'!B14="","",IF('Step 3 - Dean-Director-AVP'!C14="","","Equals")) | H117: =IF('Step 3 - Dean-Director-AVP'!B14="","",IF('Step 3 - Dean-Director-AVP'!C14="","",'Step 3 - Dean-Director-AVP'!C14)) | I117: =IF('Step 3 - Dean-Director-AVP'!B14="","","Organization Code") | J117: =IF('Step 3 - Dean-Director-AVP'!B14="","","Equals") | K117: =IF('Step 3 - Dean-Director-AVP'!B14="","",'Step 3 - Dean-Director-AVP'!D14) | L117: =IF('Step 3 - Dean-Director-AVP'!B14="","","Other Criteria") | M117: =IF('Step 3 - Dean-Director-AVP'!B14="","","Equals") | N117: =IF('Step 3 - Dean-Director-AVP'!B14="","",'Step 3 - Dean-Director-AVP'!E14) | O117: =IF('Step 3 - Dean-Director-AVP'!B14="","",IF('Step 3 - Dean-Director-AVP'!F14="","","Total")) | P117: =IF('Step 3 - Dean-Director-AVP'!B14="","",IF('Step 3 - Dean-Director-AVP'!F14="","",">=")) | Q117: =IF('Step 3 - Dean-Director-AVP'!B14="","",IF('Step 3 - Dean-Director-AVP'!F14="","",'Step 3 - Dean-Director-AVP'!F14)) | R117: ="" | S117: ="" | T117: ="" | U117: =IF('Step 3 - Dean-Director-AVP'!B14="","",'Step 3 - Dean-Director-AVP'!I14) | V117: =IF('Step 3 - Dean-Director-AVP'!B14="","",'Step 3 - Dean-Director-AVP'!K14) | W117: =IF('Step 3 - Dean-Director-AVP'!B14="","",'Step 3 - Dean-Director-AVP'!L14) | X117: =IF('Step 3 - Dean-Director-AVP'!B14="","",'Step 3 - Dean-Director-AVP'!N14) | Y117: ="" | Z117: ="" | AA117: ="" | AB117: ="" | AC117: ="" | AD117: ="" | AE117: ="" | AF117: ="" | ... AM117: =""
A118: =IF('Step 3 - Dean-Director-AVP'!B15="","","Active") | B118: =IF('Step 3 - Dean-Director-AVP'!B15="","",'Step 3 - Dean-Director-AVP'!B15) | C118: =IF('Step 3 - Dean-Director-AVP'!B15="","",'Step 3 - Dean-Director-AVP'!B15) | D118: =IF('Step 3 - Dean-Director-AVP'!B15="","",'Step 3 - Dean-Director-AVP'!G15) | E118: =IF('Step 3 - Dean-Director-AVP'!B15="","",'Step 3 - Dean-Director-AVP'!H15) | F118: =IF('Step 3 - Dean-Director-AVP'!B15="","",IF('Step 3 - Dean-Director-AVP'!C15="","","Fund Code")) | G118: =IF('Step 3 - Dean-Director-AVP'!B15="","",IF('Step 3 - Dean-Director-AVP'!C15="","","Equals")) | H118: =IF('Step 3 - Dean-Director-AVP'!B15="","",IF('Step 3 - Dean-Director-AVP'!C15="","",'Step 3 - Dean-Director-AVP'!C15)) | I118: =IF('Step 3 - Dean-Director-AVP'!B15="","","Organization Code") | J118: =IF('Step 3 - Dean-Director-AVP'!B15="","","Equals") | K118: =IF('Step 3 - Dean-Director-AVP'!B15="","",'Step 3 - Dean-Director-AVP'!D15) | L118: =IF('Step 3 - Dean-Director-AVP'!B15="","","Other Criteria") | M118: =IF('Step 3 - Dean-Director-AVP'!B15="","","Equals") | N118: =IF('Step 3 - Dean-Director-AVP'!B15="","",'Step 3 - Dean-Director-AVP'!E15) | O118: =IF('Step 3 - Dean-Director-AVP'!B15="","",IF('Step 3 - Dean-Director-AVP'!F15="","","Total")) | P118: =IF('Step 3 - Dean-Director-AVP'!B15="","",IF('Step 3 - Dean-Director-AVP'!F15="","",">=")) | Q118: =IF('Step 3 - Dean-Director-AVP'!B15="","",IF('Step 3 - Dean-Director-AVP'!F15="","",'Step 3 - Dean-Director-AVP'!F15)) | R118: ="" | S118: ="" | T118: ="" | U118: =IF('Step 3 - Dean-Director-AVP'!B15="","",'Step 3 - Dean-Director-AVP'!I15) | V118: =IF('Step 3 - Dean-Director-AVP'!B15="","",'Step 3 - Dean-Director-AVP'!K15) | W118: =IF('Step 3 - Dean-Director-AVP'!B15="","",'Step 3 - Dean-Director-AVP'!L15) | X118: =IF('Step 3 - Dean-Director-AVP'!B15="","",'Step 3 - Dean-Director-AVP'!N15) | Y118: ="" | Z118: ="" | AA118: ="" | AB118: ="" | AC118: ="" | AD118: ="" | AE118: ="" | AF118: ="" | ... AM118: =""
A119: =IF('Step 3 - Dean-Director-AVP'!B16="","","Active") | B119: =IF('Step 3 - Dean-Director-AVP'!B16="","",'Step 3 - Dean-Director-AVP'!B16) | C119: =IF('Step 3 - Dean-Director-AVP'!B16="","",'Step 3 - Dean-Director-AVP'!B16) | D119: =IF('Step 3 - Dean-Director-AVP'!B16="","",'Step 3 - Dean-Director-AVP'!G16) | E119: =IF('Step 3 - Dean-Director-AVP'!B16="","",'Step 3 - Dean-Director-AVP'!H16) | F119: =IF('Step 3 - Dean-Director-AVP'!B16="","",IF('Step 3 - Dean-Director-AVP'!C16="","","Fund Code")) | G119: =IF('Step 3 - Dean-Director-AVP'!B16="","",IF('Step 3 - Dean-Director-AVP'!C16="","","Equals")) | H119: =IF('Step 3 - Dean-Director-AVP'!B16="","",IF('Step 3 - Dean-Director-AVP'!C16="","",'Step 3 - Dean-Director-AVP'!C16)) | I119: =IF('Step 3 - Dean-Director-AVP'!B16="","","Organization Code") | J119: =IF('Step 3 - Dean-Director-AVP'!B16="","","Equals") | K119: =IF('Step 3 - Dean-Director-AVP'!B16="","",'Step 3 - Dean-Director-AVP'!D16) | L119: =IF('Step 3 - Dean-Director-AVP'!B16="","","Other Criteria") | M119: =IF('Step 3 - Dean-Director-AVP'!B16="","","Equals") | N119: =IF('Step 3 - Dean-Director-AVP'!B16="","",'Step 3 - Dean-Director-AVP'!E16) | O119: =IF('Step 3 - Dean-Director-AVP'!B16="","",IF('Step 3 - Dean-Director-AVP'!F16="","","Total")) | P119: =IF('Step 3 - Dean-Director-AVP'!B16="","",IF('Step 3 - Dean-Director-AVP'!F16="","",">=")) | Q119: =IF('Step 3 - Dean-Director-AVP'!B16="","",IF('Step 3 - Dean-Director-AVP'!F16="","",'Step 3 - Dean-Director-AVP'!F16)) | R119: ="" | S119: ="" | T119: ="" | U119: =IF('Step 3 - Dean-Director-AVP'!B16="","",'Step 3 - Dean-Director-AVP'!I16) | V119: =IF('Step 3 - Dean-Director-AVP'!B16="","",'Step 3 - Dean-Director-AVP'!K16) | W119: =IF('Step 3 - Dean-Director-AVP'!B16="","",'Step 3 - Dean-Director-AVP'!L16) | X119: =IF('Step 3 - Dean-Director-AVP'!B16="","",'Step 3 - Dean-Director-AVP'!N16) | Y119: ="" | Z119: ="" | AA119: ="" | AB119: ="" | AC119: ="" | AD119: ="" | AE119: ="" | AF119: ="" | ... AM119: =""
... A156: =IF('Step 3 - Dean-Director-AVP'!B53="","","Active") | B156: =IF('Step 3 - Dean-Director-AVP'!B53="","",'Step 3 - Dean-Director-AVP'!B53) | C156: =IF('Step 3 - Dean-Director-AVP'!B53="","",'Step 3 - Dean-Director-AVP'!B53) | D156: =IF('Step 3 - Dean-Director-AVP'!B53="","",'Step 3 - Dean-Director-AVP'!G53) | E156: =IF('Step 3 - Dean-Director-AVP'!B53="","",'Step 3 - Dean-Director-AVP'!H53) | F156: =IF('Step 3 - Dean-Director-AVP'!B53="","",IF('Step 3 - Dean-Director-AVP'!C53="","","Fund Code")) | G156: =IF('Step 3 - Dean-Director-AVP'!B53="","",IF('Step 3 - Dean-Director-AVP'!C53="","","Equals")) | H156: =IF('Step 3 - Dean-Director-AVP'!B53="","",IF('Step 3 - Dean-Director-AVP'!C53="","",'Step 3 - Dean-Director-AVP'!C53)) | I156: =IF('Step 3 - Dean-Director-AVP'!B53="","","Organization Code") | J156: =IF('Step 3 - Dean-Director-AVP'!B53="","","Equals") | K156: =IF('Step 3 - Dean-Director-AVP'!B53="","",'Step 3 - Dean-Director-AVP'!D53) | L156: =IF('Step 3 - Dean-Director-AVP'!B53="","","Other Criteria") | M156: =IF('Step 3 - Dean-Director-AVP'!B53="","","Equals") | N156: =IF('Step 3 - Dean-Director-AVP'!B53="","",'Step 3 - Dean-Director-AVP'!E53) | O156: =IF('Step 3 - Dean-Director-AVP'!B53="","",IF('Step 3 - Dean-Director-AVP'!F53="","","Total")) | P156: =IF('Step 3 - Dean-Director-AVP'!B53="","",IF('Step 3 - Dean-Director-AVP'!F53="","",">=")) | Q156: =IF('Step 3 - Dean-Director-AVP'!B53="","",IF('Step 3 - Dean-Director-AVP'!F53="","",'Step 3 - Dean-Director-AVP'!F53)) | R156: ="" | S156: ="" | T156: ="" | U156: =IF('Step 3 - Dean-Director-AVP'!B53="","",'Step 3 - Dean-Director-AVP'!I53) | V156: =IF('Step 3 - Dean-Director-AVP'!B53="","",'Step 3 - Dean-Director-AVP'!K53) | W156: =IF('Step 3 - Dean-Director-AVP'!B53="","",'Step 3 - Dean-Director-AVP'!L53) | X156: =IF('Step 3 - Dean-Director-AVP'!B53="","",'Step 3 - Dean-Director-AVP'!N53) | Y156: ="" | Z156: ="" | AA156: ="" | AB156: ="" | AC156: ="" | AD156: ="" | AE156: ="" | AF156: ="" | ... AM156: =""
A157: v Step 4 - Vice President Approval (from 'Step 4 - Vice President' tab) v
A158: =IF('Step 4 - Vice President'!B5="","","Active") | B158: =IF('Step 4 - Vice President'!B5="","",'Step 4 - Vice President'!B5) | C158: =IF('Step 4 - Vice President'!B5="","",'Step 4 - Vice President'!B5) | D158: =IF('Step 4 - Vice President'!B5="","",'Step 4 - Vice President'!G5) | E158: =IF('Step 4 - Vice President'!B5="","",'Step 4 - Vice President'!H5) | F158: =IF('Step 4 - Vice President'!B5="","",IF('Step 4 - Vice President'!C5="","","Fund Code")) | G158: =IF('Step 4 - Vice President'!B5="","",IF('Step 4 - Vice President'!C5="","","Equals")) | H158: =IF('Step 4 - Vice President'!B5="","",IF('Step 4 - Vice President'!C5="","",'Step 4 - Vice President'!C5)) | I158: =IF('Step 4 - Vice President'!B5="","","Organization Code") | J158: =IF('Step 4 - Vice President'!B5="","","Equals") | K158: =IF('Step 4 - Vice President'!B5="","",'Step 4 - Vice President'!D5) | L158: =IF('Step 4 - Vice President'!B5="","","Other Criteria") | M158: =IF('Step 4 - Vice President'!B5="","","Equals") | N158: =IF('Step 4 - Vice President'!B5="","",'Step 4 - Vice President'!E5) | O158: =IF('Step 4 - Vice President'!B5="","",IF('Step 4 - Vice President'!F5="","","Total")) | P158: =IF('Step 4 - Vice President'!B5="","",IF('Step 4 - Vice President'!F5="","",">=")) | Q158: =IF('Step 4 - Vice President'!B5="","",IF('Step 4 - Vice President'!F5="","",'Step 4 - Vice President'!F5)) | R158: ="" | S158: ="" | T158: ="" | U158: =IF('Step 4 - Vice President'!B5="","",'Step 4 - Vice President'!I5) | V158: =IF('Step 4 - Vice President'!B5="","",'Step 4 - Vice President'!K5) | W158: =IF('Step 4 - Vice President'!B5="","",'Step 4 - Vice President'!L5) | X158: =IF('Step 4 - Vice President'!B5="","",'Step 4 - Vice President'!N5) | Y158: ="" | Z158: ="" | AA158: ="" | AB158: ="" | AC158: ="" | AD158: ="" | AE158: ="" | AF158: ="" | ... AM158: =""
A159: =IF('Step 4 - Vice President'!B6="","","Active") | B159: =IF('Step 4 - Vice President'!B6="","",'Step 4 - Vice President'!B6) | C159: =IF('Step 4 - Vice President'!B6="","",'Step 4 - Vice President'!B6) | D159: =IF('Step 4 - Vice President'!B6="","",'Step 4 - Vice President'!G6) | E159: =IF('Step 4 - Vice President'!B6="","",'Step 4 - Vice President'!H6) | F159: =IF('Step 4 - Vice President'!B6="","",IF('Step 4 - Vice President'!C6="","","Fund Code")) | G159: =IF('Step 4 - Vice President'!B6="","",IF('Step 4 - Vice President'!C6="","","Equals")) | H159: =IF('Step 4 - Vice President'!B6="","",IF('Step 4 - Vice President'!C6="","",'Step 4 - Vice President'!C6)) | I159: =IF('Step 4 - Vice President'!B6="","","Organization Code") | J159: =IF('Step 4 - Vice President'!B6="","","Equals") | K159: =IF('Step 4 - Vice President'!B6="","",'Step 4 - Vice President'!D6) | L159: =IF('Step 4 - Vice President'!B6="","","Other Criteria") | M159: =IF('Step 4 - Vice President'!B6="","","Equals") | N159: =IF('Step 4 - Vice President'!B6="","",'Step 4 - Vice President'!E6) | O159: =IF('Step 4 - Vice President'!B6="","",IF('Step 4 - Vice President'!F6="","","Total")) | P159: =IF('Step 4 - Vice President'!B6="","",IF('Step 4 - Vice President'!F6="","",">=")) | Q159: =IF('Step 4 - Vice President'!B6="","",IF('Step 4 - Vice President'!F6="","",'Step 4 - Vice President'!F6)) | R159: ="" | S159: ="" | T159: ="" | U159: =IF('Step 4 - Vice President'!B6="","",'Step 4 - Vice President'!I6) | V159: =IF('Step 4 - Vice President'!B6="","",'Step 4 - Vice President'!K6) | W159: =IF('Step 4 - Vice President'!B6="","",'Step 4 - Vice President'!L6) | X159: =IF('Step 4 - Vice President'!B6="","",'Step 4 - Vice President'!N6) | Y159: ="" | Z159: ="" | AA159: ="" | AB159: ="" | AC159: ="" | AD159: ="" | AE159: ="" | AF159: ="" | ... AM159: =""
A160: =IF('Step 4 - Vice President'!B7="","","Active") | B160: =IF('Step 4 - Vice President'!B7="","",'Step 4 - Vice President'!B7) | C160: =IF('Step 4 - Vice President'!B7="","",'Step 4 - Vice President'!B7) | D160: =IF('Step 4 - Vice President'!B7="","",'Step 4 - Vice President'!G7) | E160: =IF('Step 4 - Vice President'!B7="","",'Step 4 - Vice President'!H7) | F160: =IF('Step 4 - Vice President'!B7="","",IF('Step 4 - Vice President'!C7="","","Fund Code")) | G160: =IF('Step 4 - Vice President'!B7="","",IF('Step 4 - Vice President'!C7="","","Equals")) | H160: =IF('Step 4 - Vice President'!B7="","",IF('Step 4 - Vice President'!C7="","",'Step 4 - Vice President'!C7)) | I160: =IF('Step 4 - Vice President'!B7="","","Organization Code") | J160: =IF('Step 4 - Vice President'!B7="","","Equals") | K160: =IF('Step 4 - Vice President'!B7="","",'Step 4 - Vice President'!D7) | L160: =IF('Step 4 - Vice President'!B7="","","Other Criteria") | M160: =IF('Step 4 - Vice President'!B7="","","Equals") | N160: =IF('Step 4 - Vice President'!B7="","",'Step 4 - Vice President'!E7) | O160: =IF('Step 4 - Vice President'!B7="","",IF('Step 4 - Vice President'!F7="","","Total")) | P160: =IF('Step 4 - Vice President'!B7="","",IF('Step 4 - Vice President'!F7="","",">=")) | Q160: =IF('Step 4 - Vice President'!B7="","",IF('Step 4 - Vice President'!F7="","",'Step 4 - Vice President'!F7)) | R160: ="" | S160: ="" | T160: ="" | U160: =IF('Step 4 - Vice President'!B7="","",'Step 4 - Vice President'!I7) | V160: =IF('Step 4 - Vice President'!B7="","",'Step 4 - Vice President'!K7) | W160: =IF('Step 4 - Vice President'!B7="","",'Step 4 - Vice President'!L7) | X160: =IF('Step 4 - Vice President'!B7="","",'Step 4 - Vice President'!N7) | Y160: ="" | Z160: ="" | AA160: ="" | AB160: ="" | AC160: ="" | AD160: ="" | AE160: ="" | AF160: ="" | ... AM160: =""
A161: =IF('Step 4 - Vice President'!B8="","","Active") | B161: =IF('Step 4 - Vice President'!B8="","",'Step 4 - Vice President'!B8) | C161: =IF('Step 4 - Vice President'!B8="","",'Step 4 - Vice President'!B8) | D161: =IF('Step 4 - Vice President'!B8="","",'Step 4 - Vice President'!G8) | E161: =IF('Step 4 - Vice President'!B8="","",'Step 4 - Vice President'!H8) | F161: =IF('Step 4 - Vice President'!B8="","",IF('Step 4 - Vice President'!C8="","","Fund Code")) | G161: =IF('Step 4 - Vice President'!B8="","",IF('Step 4 - Vice President'!C8="","","Equals")) | H161: =IF('Step 4 - Vice President'!B8="","",IF('Step 4 - Vice President'!C8="","",'Step 4 - Vice President'!C8)) | I161: =IF('Step 4 - Vice President'!B8="","","Organization Code") | J161: =IF('Step 4 - Vice President'!B8="","","Equals") | K161: =IF('Step 4 - Vice President'!B8="","",'Step 4 - Vice President'!D8) | L161: =IF('Step 4 - Vice President'!B8="","","Other Criteria") | M161: =IF('Step 4 - Vice President'!B8="","","Equals") | N161: =IF('Step 4 - Vice President'!B8="","",'Step 4 - Vice President'!E8) | O161: =IF('Step 4 - Vice President'!B8="","",IF('Step 4 - Vice President'!F8="","","Total")) | P161: =IF('Step 4 - Vice President'!B8="","",IF('Step 4 - Vice President'!F8="","",">=")) | Q161: =IF('Step 4 - Vice President'!B8="","",IF('Step 4 - Vice President'!F8="","",'Step 4 - Vice President'!F8)) | R161: ="" | S161: ="" | T161: ="" | U161: =IF('Step 4 - Vice President'!B8="","",'Step 4 - Vice President'!I8) | V161: =IF('Step 4 - Vice President'!B8="","",'Step 4 - Vice President'!K8) | W161: =IF('Step 4 - Vice President'!B8="","",'Step 4 - Vice President'!L8) | X161: =IF('Step 4 - Vice President'!B8="","",'Step 4 - Vice President'!N8) | Y161: ="" | Z161: ="" | AA161: ="" | AB161: ="" | AC161: ="" | AD161: ="" | AE161: ="" | AF161: ="" | ... AM161: =""
A162: =IF('Step 4 - Vice President'!B9="","","Active") | B162: =IF('Step 4 - Vice President'!B9="","",'Step 4 - Vice President'!B9) | C162: =IF('Step 4 - Vice President'!B9="","",'Step 4 - Vice President'!B9) | D162: =IF('Step 4 - Vice President'!B9="","",'Step 4 - Vice President'!G9) | E162: =IF('Step 4 - Vice President'!B9="","",'Step 4 - Vice President'!H9) | F162: =IF('Step 4 - Vice President'!B9="","",IF('Step 4 - Vice President'!C9="","","Fund Code")) | G162: =IF('Step 4 - Vice President'!B9="","",IF('Step 4 - Vice President'!C9="","","Equals")) | H162: =IF('Step 4 - Vice President'!B9="","",IF('Step 4 - Vice President'!C9="","",'Step 4 - Vice President'!C9)) | I162: =IF('Step 4 - Vice President'!B9="","","Organization Code") | J162: =IF('Step 4 - Vice President'!B9="","","Equals") | K162: =IF('Step 4 - Vice President'!B9="","",'Step 4 - Vice President'!D9) | L162: =IF('Step 4 - Vice President'!B9="","","Other Criteria") | M162: =IF('Step 4 - Vice President'!B9="","","Equals") | N162: =IF('Step 4 - Vice President'!B9="","",'Step 4 - Vice President'!E9) | O162: =IF('Step 4 - Vice President'!B9="","",IF('Step 4 - Vice President'!F9="","","Total")) | P162: =IF('Step 4 - Vice President'!B9="","",IF('Step 4 - Vice President'!F9="","",">=")) | Q162: =IF('Step 4 - Vice President'!B9="","",IF('Step 4 - Vice President'!F9="","",'Step 4 - Vice President'!F9)) | R162: ="" | S162: ="" | T162: ="" | U162: =IF('Step 4 - Vice President'!B9="","",'Step 4 - Vice President'!I9) | V162: =IF('Step 4 - Vice President'!B9="","",'Step 4 - Vice President'!K9) | W162: =IF('Step 4 - Vice President'!B9="","",'Step 4 - Vice President'!L9) | X162: =IF('Step 4 - Vice President'!B9="","",'Step 4 - Vice President'!N9) | Y162: ="" | Z162: ="" | AA162: ="" | AB162: ="" | AC162: ="" | AD162: ="" | AE162: ="" | AF162: ="" | ... AM162: =""
A163: =IF('Step 4 - Vice President'!B10="","","Active") | B163: =IF('Step 4 - Vice President'!B10="","",'Step 4 - Vice President'!B10) | C163: =IF('Step 4 - Vice President'!B10="","",'Step 4 - Vice President'!B10) | D163: =IF('Step 4 - Vice President'!B10="","",'Step 4 - Vice President'!G10) | E163: =IF('Step 4 - Vice President'!B10="","",'Step 4 - Vice President'!H10) | F163: =IF('Step 4 - Vice President'!B10="","",IF('Step 4 - Vice President'!C10="","","Fund Code")) | G163: =IF('Step 4 - Vice President'!B10="","",IF('Step 4 - Vice President'!C10="","","Equals")) | H163: =IF('Step 4 - Vice President'!B10="","",IF('Step 4 - Vice President'!C10="","",'Step 4 - Vice President'!C10)) | I163: =IF('Step 4 - Vice President'!B10="","","Organization Code") | J163: =IF('Step 4 - Vice President'!B10="","","Equals") | K163: =IF('Step 4 - Vice President'!B10="","",'Step 4 - Vice President'!D10) | L163: =IF('Step 4 - Vice President'!B10="","","Other Criteria") | M163: =IF('Step 4 - Vice President'!B10="","","Equals") | N163: =IF('Step 4 - Vice President'!B10="","",'Step 4 - Vice President'!E10) | O163: =IF('Step 4 - Vice President'!B10="","",IF('Step 4 - Vice President'!F10="","","Total")) | P163: =IF('Step 4 - Vice President'!B10="","",IF('Step 4 - Vice President'!F10="","",">=")) | Q163: =IF('Step 4 - Vice President'!B10="","",IF('Step 4 - Vice President'!F10="","",'Step 4 - Vice President'!F10)) | R163: ="" | S163: ="" | T163: ="" | U163: =IF('Step 4 - Vice President'!B10="","",'Step 4 - Vice President'!I10) | V163: =IF('Step 4 - Vice President'!B10="","",'Step 4 - Vice President'!K10) | W163: =IF('Step 4 - Vice President'!B10="","",'Step 4 - Vice President'!L10) | X163: =IF('Step 4 - Vice President'!B10="","",'Step 4 - Vice President'!N10) | Y163: ="" | Z163: ="" | AA163: ="" | AB163: ="" | AC163: ="" | AD163: ="" | AE163: ="" | AF163: ="" | ... AM163: =""
A164: =IF('Step 4 - Vice President'!B11="","","Active") | B164: =IF('Step 4 - Vice President'!B11="","",'Step 4 - Vice President'!B11) | C164: =IF('Step 4 - Vice President'!B11="","",'Step 4 - Vice President'!B11) | D164: =IF('Step 4 - Vice President'!B11="","",'Step 4 - Vice President'!G11) | E164: =IF('Step 4 - Vice President'!B11="","",'Step 4 - Vice President'!H11) | F164: =IF('Step 4 - Vice President'!B11="","",IF('Step 4 - Vice President'!C11="","","Fund Code")) | G164: =IF('Step 4 - Vice President'!B11="","",IF('Step 4 - Vice President'!C11="","","Equals")) | H164: =IF('Step 4 - Vice President'!B11="","",IF('Step 4 - Vice President'!C11="","",'Step 4 - Vice President'!C11)) | I164: =IF('Step 4 - Vice President'!B11="","","Organization Code") | J164: =IF('Step 4 - Vice President'!B11="","","Equals") | K164: =IF('Step 4 - Vice President'!B11="","",'Step 4 - Vice President'!D11) | L164: =IF('Step 4 - Vice President'!B11="","","Other Criteria") | M164: =IF('Step 4 - Vice President'!B11="","","Equals") | N164: =IF('Step 4 - Vice President'!B11="","",'Step 4 - Vice President'!E11) | O164: =IF('Step 4 - Vice President'!B11="","",IF('Step 4 - Vice President'!F11="","","Total")) | P164: =IF('Step 4 - Vice President'!B11="","",IF('Step 4 - Vice President'!F11="","",">=")) | Q164: =IF('Step 4 - Vice President'!B11="","",IF('Step 4 - Vice President'!F11="","",'Step 4 - Vice President'!F11)) | R164: ="" | S164: ="" | T164: ="" | U164: =IF('Step 4 - Vice President'!B11="","",'Step 4 - Vice President'!I11) | V164: =IF('Step 4 - Vice President'!B11="","",'Step 4 - Vice President'!K11) | W164: =IF('Step 4 - Vice President'!B11="","",'Step 4 - Vice President'!L11) | X164: =IF('Step 4 - Vice President'!B11="","",'Step 4 - Vice President'!N11) | Y164: ="" | Z164: ="" | AA164: ="" | AB164: ="" | AC164: ="" | AD164: ="" | AE164: ="" | AF164: ="" | ... AM164: =""
A165: =IF('Step 4 - Vice President'!B12="","","Active") | B165: =IF('Step 4 - Vice President'!B12="","",'Step 4 - Vice President'!B12) | C165: =IF('Step 4 - Vice President'!B12="","",'Step 4 - Vice President'!B12) | D165: =IF('Step 4 - Vice President'!B12="","",'Step 4 - Vice President'!G12) | E165: =IF('Step 4 - Vice President'!B12="","",'Step 4 - Vice President'!H12) | F165: =IF('Step 4 - Vice President'!B12="","",IF('Step 4 - Vice President'!C12="","","Fund Code")) | G165: =IF('Step 4 - Vice President'!B12="","",IF('Step 4 - Vice President'!C12="","","Equals")) | H165: =IF('Step 4 - Vice President'!B12="","",IF('Step 4 - Vice President'!C12="","",'Step 4 - Vice President'!C12)) | I165: =IF('Step 4 - Vice President'!B12="","","Organization Code") | J165: =IF('Step 4 - Vice President'!B12="","","Equals") | K165: =IF('Step 4 - Vice President'!B12="","",'Step 4 - Vice President'!D12) | L165: =IF('Step 4 - Vice President'!B12="","","Other Criteria") | M165: =IF('Step 4 - Vice President'!B12="","","Equals") | N165: =IF('Step 4 - Vice President'!B12="","",'Step 4 - Vice President'!E12) | O165: =IF('Step 4 - Vice President'!B12="","",IF('Step 4 - Vice President'!F12="","","Total")) | P165: =IF('Step 4 - Vice President'!B12="","",IF('Step 4 - Vice President'!F12="","",">=")) | Q165: =IF('Step 4 - Vice President'!B12="","",IF('Step 4 - Vice President'!F12="","",'Step 4 - Vice President'!F12)) | R165: ="" | S165: ="" | T165: ="" | U165: =IF('Step 4 - Vice President'!B12="","",'Step 4 - Vice President'!I12) | V165: =IF('Step 4 - Vice President'!B12="","",'Step 4 - Vice President'!K12) | W165: =IF('Step 4 - Vice President'!B12="","",'Step 4 - Vice President'!L12) | X165: =IF('Step 4 - Vice President'!B12="","",'Step 4 - Vice President'!N12) | Y165: ="" | Z165: ="" | AA165: ="" | AB165: ="" | AC165: ="" | AD165: ="" | AE165: ="" | AF165: ="" | ... AM165: =""
A166: =IF('Step 4 - Vice President'!B13="","","Active") | B166: =IF('Step 4 - Vice President'!B13="","",'Step 4 - Vice President'!B13) | C166: =IF('Step 4 - Vice President'!B13="","",'Step 4 - Vice President'!B13) | D166: =IF('Step 4 - Vice President'!B13="","",'Step 4 - Vice President'!G13) | E166: =IF('Step 4 - Vice President'!B13="","",'Step 4 - Vice President'!H13) | F166: =IF('Step 4 - Vice President'!B13="","",IF('Step 4 - Vice President'!C13="","","Fund Code")) | G166: =IF('Step 4 - Vice President'!B13="","",IF('Step 4 - Vice President'!C13="","","Equals")) | H166: =IF('Step 4 - Vice President'!B13="","",IF('Step 4 - Vice President'!C13="","",'Step 4 - Vice President'!C13)) | I166: =IF('Step 4 - Vice President'!B13="","","Organization Code") | J166: =IF('Step 4 - Vice President'!B13="","","Equals") | K166: =IF('Step 4 - Vice President'!B13="","",'Step 4 - Vice President'!D13) | L166: =IF('Step 4 - Vice President'!B13="","","Other Criteria") | M166: =IF('Step 4 - Vice President'!B13="","","Equals") | N166: =IF('Step 4 - Vice President'!B13="","",'Step 4 - Vice President'!E13) | O166: =IF('Step 4 - Vice President'!B13="","",IF('Step 4 - Vice President'!F13="","","Total")) | P166: =IF('Step 4 - Vice President'!B13="","",IF('Step 4 - Vice President'!F13="","",">=")) | Q166: =IF('Step 4 - Vice President'!B13="","",IF('Step 4 - Vice President'!F13="","",'Step 4 - Vice President'!F13)) | R166: ="" | S166: ="" | T166: ="" | U166: =IF('Step 4 - Vice President'!B13="","",'Step 4 - Vice President'!I13) | V166: =IF('Step 4 - Vice President'!B13="","",'Step 4 - Vice President'!K13) | W166: =IF('Step 4 - Vice President'!B13="","",'Step 4 - Vice President'!L13) | X166: =IF('Step 4 - Vice President'!B13="","",'Step 4 - Vice President'!N13) | Y166: ="" | Z166: ="" | AA166: ="" | AB166: ="" | AC166: ="" | AD166: ="" | AE166: ="" | AF166: ="" | ... AM166: =""
A167: =IF('Step 4 - Vice President'!B14="","","Active") | B167: =IF('Step 4 - Vice President'!B14="","",'Step 4 - Vice President'!B14) | C167: =IF('Step 4 - Vice President'!B14="","",'Step 4 - Vice President'!B14) | D167: =IF('Step 4 - Vice President'!B14="","",'Step 4 - Vice President'!G14) | E167: =IF('Step 4 - Vice President'!B14="","",'Step 4 - Vice President'!H14) | F167: =IF('Step 4 - Vice President'!B14="","",IF('Step 4 - Vice President'!C14="","","Fund Code")) | G167: =IF('Step 4 - Vice President'!B14="","",IF('Step 4 - Vice President'!C14="","","Equals")) | H167: =IF('Step 4 - Vice President'!B14="","",IF('Step 4 - Vice President'!C14="","",'Step 4 - Vice President'!C14)) | I167: =IF('Step 4 - Vice President'!B14="","","Organization Code") | J167: =IF('Step 4 - Vice President'!B14="","","Equals") | K167: =IF('Step 4 - Vice President'!B14="","",'Step 4 - Vice President'!D14) | L167: =IF('Step 4 - Vice President'!B14="","","Other Criteria") | M167: =IF('Step 4 - Vice President'!B14="","","Equals") | N167: =IF('Step 4 - Vice President'!B14="","",'Step 4 - Vice President'!E14) | O167: =IF('Step 4 - Vice President'!B14="","",IF('Step 4 - Vice President'!F14="","","Total")) | P167: =IF('Step 4 - Vice President'!B14="","",IF('Step 4 - Vice President'!F14="","",">=")) | Q167: =IF('Step 4 - Vice President'!B14="","",IF('Step 4 - Vice President'!F14="","",'Step 4 - Vice President'!F14)) | R167: ="" | S167: ="" | T167: ="" | U167: =IF('Step 4 - Vice President'!B14="","",'Step 4 - Vice President'!I14) | V167: =IF('Step 4 - Vice President'!B14="","",'Step 4 - Vice President'!K14) | W167: =IF('Step 4 - Vice President'!B14="","",'Step 4 - Vice President'!L14) | X167: =IF('Step 4 - Vice President'!B14="","",'Step 4 - Vice President'!N14) | Y167: ="" | Z167: ="" | AA167: ="" | AB167: ="" | AC167: ="" | AD167: ="" | AE167: ="" | AF167: ="" | ... AM167: =""
A168: =IF('Step 4 - Vice President'!B15="","","Active") | B168: =IF('Step 4 - Vice President'!B15="","",'Step 4 - Vice President'!B15) | C168: =IF('Step 4 - Vice President'!B15="","",'Step 4 - Vice President'!B15) | D168: =IF('Step 4 - Vice President'!B15="","",'Step 4 - Vice President'!G15) | E168: =IF('Step 4 - Vice President'!B15="","",'Step 4 - Vice President'!H15) | F168: =IF('Step 4 - Vice President'!B15="","",IF('Step 4 - Vice President'!C15="","","Fund Code")) | G168: =IF('Step 4 - Vice President'!B15="","",IF('Step 4 - Vice President'!C15="","","Equals")) | H168: =IF('Step 4 - Vice President'!B15="","",IF('Step 4 - Vice President'!C15="","",'Step 4 - Vice President'!C15)) | I168: =IF('Step 4 - Vice President'!B15="","","Organization Code") | J168: =IF('Step 4 - Vice President'!B15="","","Equals") | K168: =IF('Step 4 - Vice President'!B15="","",'Step 4 - Vice President'!D15) | L168: =IF('Step 4 - Vice President'!B15="","","Other Criteria") | M168: =IF('Step 4 - Vice President'!B15="","","Equals") | N168: =IF('Step 4 - Vice President'!B15="","",'Step 4 - Vice President'!E15) | O168: =IF('Step 4 - Vice President'!B15="","",IF('Step 4 - Vice President'!F15="","","Total")) | P168: =IF('Step 4 - Vice President'!B15="","",IF('Step 4 - Vice President'!F15="","",">=")) | Q168: =IF('Step 4 - Vice President'!B15="","",IF('Step 4 - Vice President'!F15="","",'Step 4 - Vice President'!F15)) | R168: ="" | S168: ="" | T168: ="" | U168: =IF('Step 4 - Vice President'!B15="","",'Step 4 - Vice President'!I15) | V168: =IF('Step 4 - Vice President'!B15="","",'Step 4 - Vice President'!K15) | W168: =IF('Step 4 - Vice President'!B15="","",'Step 4 - Vice President'!L15) | X168: =IF('Step 4 - Vice President'!B15="","",'Step 4 - Vice President'!N15) | Y168: ="" | Z168: ="" | AA168: ="" | AB168: ="" | AC168: ="" | AD168: ="" | AE168: ="" | AF168: ="" | ... AM168: =""
A169: =IF('Step 4 - Vice President'!B16="","","Active") | B169: =IF('Step 4 - Vice President'!B16="","",'Step 4 - Vice President'!B16) | C169: =IF('Step 4 - Vice President'!B16="","",'Step 4 - Vice President'!B16) | D169: =IF('Step 4 - Vice President'!B16="","",'Step 4 - Vice President'!G16) | E169: =IF('Step 4 - Vice President'!B16="","",'Step 4 - Vice President'!H16) | F169: =IF('Step 4 - Vice President'!B16="","",IF('Step 4 - Vice President'!C16="","","Fund Code")) | G169: =IF('Step 4 - Vice President'!B16="","",IF('Step 4 - Vice President'!C16="","","Equals")) | H169: =IF('Step 4 - Vice President'!B16="","",IF('Step 4 - Vice President'!C16="","",'Step 4 - Vice President'!C16)) | I169: =IF('Step 4 - Vice President'!B16="","","Organization Code") | J169: =IF('Step 4 - Vice President'!B16="","","Equals") | K169: =IF('Step 4 - Vice President'!B16="","",'Step 4 - Vice President'!D16) | L169: =IF('Step 4 - Vice President'!B16="","","Other Criteria") | M169: =IF('Step 4 - Vice President'!B16="","","Equals") | N169: =IF('Step 4 - Vice President'!B16="","",'Step 4 - Vice President'!E16) | O169: =IF('Step 4 - Vice President'!B16="","",IF('Step 4 - Vice President'!F16="","","Total")) | P169: =IF('Step 4 - Vice President'!B16="","",IF('Step 4 - Vice President'!F16="","",">=")) | Q169: =IF('Step 4 - Vice President'!B16="","",IF('Step 4 - Vice President'!F16="","",'Step 4 - Vice President'!F16)) | R169: ="" | S169: ="" | T169: ="" | U169: =IF('Step 4 - Vice President'!B16="","",'Step 4 - Vice President'!I16) | V169: =IF('Step 4 - Vice President'!B16="","",'Step 4 - Vice President'!K16) | W169: =IF('Step 4 - Vice President'!B16="","",'Step 4 - Vice President'!L16) | X169: =IF('Step 4 - Vice President'!B16="","",'Step 4 - Vice President'!N16) | Y169: ="" | Z169: ="" | AA169: ="" | AB169: ="" | AC169: ="" | AD169: ="" | AE169: ="" | AF169: ="" | ... AM169: =""
... A206: =IF('Step 4 - Vice President'!B53="","","Active") | B206: =IF('Step 4 - Vice President'!B53="","",'Step 4 - Vice President'!B53) | C206: =IF('Step 4 - Vice President'!B53="","",'Step 4 - Vice President'!B53) | D206: =IF('Step 4 - Vice President'!B53="","",'Step 4 - Vice President'!G53) | E206: =IF('Step 4 - Vice President'!B53="","",'Step 4 - Vice President'!H53) | F206: =IF('Step 4 - Vice President'!B53="","",IF('Step 4 - Vice President'!C53="","","Fund Code")) | G206: =IF('Step 4 - Vice President'!B53="","",IF('Step 4 - Vice President'!C53="","","Equals")) | H206: =IF('Step 4 - Vice President'!B53="","",IF('Step 4 - Vice President'!C53="","",'Step 4 - Vice President'!C53)) | I206: =IF('Step 4 - Vice President'!B53="","","Organization Code") | J206: =IF('Step 4 - Vice President'!B53="","","Equals") | K206: =IF('Step 4 - Vice President'!B53="","",'Step 4 - Vice President'!D53) | L206: =IF('Step 4 - Vice President'!B53="","","Other Criteria") | M206: =IF('Step 4 - Vice President'!B53="","","Equals") | N206: =IF('Step 4 - Vice President'!B53="","",'Step 4 - Vice President'!E53) | O206: =IF('Step 4 - Vice President'!B53="","",IF('Step 4 - Vice President'!F53="","","Total")) | P206: =IF('Step 4 - Vice President'!B53="","",IF('Step 4 - Vice President'!F53="","",">=")) | Q206: =IF('Step 4 - Vice President'!B53="","",IF('Step 4 - Vice President'!F53="","",'Step 4 - Vice President'!F53)) | R206: ="" | S206: ="" | T206: ="" | U206: =IF('Step 4 - Vice President'!B53="","",'Step 4 - Vice President'!I53) | V206: =IF('Step 4 - Vice President'!B53="","",'Step 4 - Vice President'!K53) | W206: =IF('Step 4 - Vice President'!B53="","",'Step 4 - Vice President'!L53) | X206: =IF('Step 4 - Vice President'!B53="","",'Step 4 - Vice President'!N53) | Y206: ="" | Z206: ="" | AA206: ="" | AB206: ="" | AC206: ="" | AD206: ="" | AE206: ="" | AF206: ="" | ... AM206: =""
A207: v Step 5 - President Approval (from 'Step 5 - President' tab) v
A208: =IF('Step 5 - President'!B5="","","Active") | B208: =IF('Step 5 - President'!B5="","",'Step 5 - President'!B5) | C208: =IF('Step 5 - President'!B5="","",'Step 5 - President'!B5) | D208: =IF('Step 5 - President'!B5="","",'Step 5 - President'!G5) | E208: =IF('Step 5 - President'!B5="","",'Step 5 - President'!H5) | F208: =IF('Step 5 - President'!B5="","",IF('Step 5 - President'!C5="","","Fund Code")) | G208: =IF('Step 5 - President'!B5="","",IF('Step 5 - President'!C5="","","Equals")) | H208: =IF('Step 5 - President'!B5="","",IF('Step 5 - President'!C5="","",'Step 5 - President'!C5)) | I208: =IF('Step 5 - President'!B5="","","Organization Code") | J208: =IF('Step 5 - President'!B5="","","Equals") | K208: =IF('Step 5 - President'!B5="","",'Step 5 - President'!D5) | L208: =IF('Step 5 - President'!B5="","","Other Criteria") | M208: =IF('Step 5 - President'!B5="","","Equals") | N208: =IF('Step 5 - President'!B5="","",'Step 5 - President'!E5) | O208: =IF('Step 5 - President'!B5="","",IF('Step 5 - President'!F5="","","Total")) | P208: =IF('Step 5 - President'!B5="","",IF('Step 5 - President'!F5="","",">=")) | Q208: =IF('Step 5 - President'!B5="","",IF('Step 5 - President'!F5="","",'Step 5 - President'!F5)) | R208: ="" | S208: ="" | T208: ="" | U208: =IF('Step 5 - President'!B5="","",'Step 5 - President'!I5) | V208: =IF('Step 5 - President'!B5="","",'Step 5 - President'!K5) | W208: =IF('Step 5 - President'!B5="","",'Step 5 - President'!L5) | X208: =IF('Step 5 - President'!B5="","",'Step 5 - President'!N5) | Y208: ="" | Z208: ="" | AA208: ="" | AB208: ="" | AC208: ="" | AD208: ="" | AE208: ="" | AF208: ="" | ... AM208: =""
A209: =IF('Step 5 - President'!B6="","","Active") | B209: =IF('Step 5 - President'!B6="","",'Step 5 - President'!B6) | C209: =IF('Step 5 - President'!B6="","",'Step 5 - President'!B6) | D209: =IF('Step 5 - President'!B6="","",'Step 5 - President'!G6) | E209: =IF('Step 5 - President'!B6="","",'Step 5 - President'!H6) | F209: =IF('Step 5 - President'!B6="","",IF('Step 5 - President'!C6="","","Fund Code")) | G209: =IF('Step 5 - President'!B6="","",IF('Step 5 - President'!C6="","","Equals")) | H209: =IF('Step 5 - President'!B6="","",IF('Step 5 - President'!C6="","",'Step 5 - President'!C6)) | I209: =IF('Step 5 - President'!B6="","","Organization Code") | J209: =IF('Step 5 - President'!B6="","","Equals") | K209: =IF('Step 5 - President'!B6="","",'Step 5 - President'!D6) | L209: =IF('Step 5 - President'!B6="","","Other Criteria") | M209: =IF('Step 5 - President'!B6="","","Equals") | N209: =IF('Step 5 - President'!B6="","",'Step 5 - President'!E6) | O209: =IF('Step 5 - President'!B6="","",IF('Step 5 - President'!F6="","","Total")) | P209: =IF('Step 5 - President'!B6="","",IF('Step 5 - President'!F6="","",">=")) | Q209: =IF('Step 5 - President'!B6="","",IF('Step 5 - President'!F6="","",'Step 5 - President'!F6)) | R209: ="" | S209: ="" | T209: ="" | U209: =IF('Step 5 - President'!B6="","",'Step 5 - President'!I6) | V209: =IF('Step 5 - President'!B6="","",'Step 5 - President'!K6) | W209: =IF('Step 5 - President'!B6="","",'Step 5 - President'!L6) | X209: =IF('Step 5 - President'!B6="","",'Step 5 - President'!N6) | Y209: ="" | Z209: ="" | AA209: ="" | AB209: ="" | AC209: ="" | AD209: ="" | AE209: ="" | AF209: ="" | ... AM209: =""
A210: =IF('Step 5 - President'!B7="","","Active") | B210: =IF('Step 5 - President'!B7="","",'Step 5 - President'!B7) | C210: =IF('Step 5 - President'!B7="","",'Step 5 - President'!B7) | D210: =IF('Step 5 - President'!B7="","",'Step 5 - President'!G7) | E210: =IF('Step 5 - President'!B7="","",'Step 5 - President'!H7) | F210: =IF('Step 5 - President'!B7="","",IF('Step 5 - President'!C7="","","Fund Code")) | G210: =IF('Step 5 - President'!B7="","",IF('Step 5 - President'!C7="","","Equals")) | H210: =IF('Step 5 - President'!B7="","",IF('Step 5 - President'!C7="","",'Step 5 - President'!C7)) | I210: =IF('Step 5 - President'!B7="","","Organization Code") | J210: =IF('Step 5 - President'!B7="","","Equals") | K210: =IF('Step 5 - President'!B7="","",'Step 5 - President'!D7) | L210: =IF('Step 5 - President'!B7="","","Other Criteria") | M210: =IF('Step 5 - President'!B7="","","Equals") | N210: =IF('Step 5 - President'!B7="","",'Step 5 - President'!E7) | O210: =IF('Step 5 - President'!B7="","",IF('Step 5 - President'!F7="","","Total")) | P210: =IF('Step 5 - President'!B7="","",IF('Step 5 - President'!F7="","",">=")) | Q210: =IF('Step 5 - President'!B7="","",IF('Step 5 - President'!F7="","",'Step 5 - President'!F7)) | R210: ="" | S210: ="" | T210: ="" | U210: =IF('Step 5 - President'!B7="","",'Step 5 - President'!I7) | V210: =IF('Step 5 - President'!B7="","",'Step 5 - President'!K7) | W210: =IF('Step 5 - President'!B7="","",'Step 5 - President'!L7) | X210: =IF('Step 5 - President'!B7="","",'Step 5 - President'!N7) | Y210: ="" | Z210: ="" | AA210: ="" | AB210: ="" | AC210: ="" | AD210: ="" | AE210: ="" | AF210: ="" | ... AM210: =""
A211: =IF('Step 5 - President'!B8="","","Active") | B211: =IF('Step 5 - President'!B8="","",'Step 5 - President'!B8) | C211: =IF('Step 5 - President'!B8="","",'Step 5 - President'!B8) | D211: =IF('Step 5 - President'!B8="","",'Step 5 - President'!G8) | E211: =IF('Step 5 - President'!B8="","",'Step 5 - President'!H8) | F211: =IF('Step 5 - President'!B8="","",IF('Step 5 - President'!C8="","","Fund Code")) | G211: =IF('Step 5 - President'!B8="","",IF('Step 5 - President'!C8="","","Equals")) | H211: =IF('Step 5 - President'!B8="","",IF('Step 5 - President'!C8="","",'Step 5 - President'!C8)) | I211: =IF('Step 5 - President'!B8="","","Organization Code") | J211: =IF('Step 5 - President'!B8="","","Equals") | K211: =IF('Step 5 - President'!B8="","",'Step 5 - President'!D8) | L211: =IF('Step 5 - President'!B8="","","Other Criteria") | M211: =IF('Step 5 - President'!B8="","","Equals") | N211: =IF('Step 5 - President'!B8="","",'Step 5 - President'!E8) | O211: =IF('Step 5 - President'!B8="","",IF('Step 5 - President'!F8="","","Total")) | P211: =IF('Step 5 - President'!B8="","",IF('Step 5 - President'!F8="","",">=")) | Q211: =IF('Step 5 - President'!B8="","",IF('Step 5 - President'!F8="","",'Step 5 - President'!F8)) | R211: ="" | S211: ="" | T211: ="" | U211: =IF('Step 5 - President'!B8="","",'Step 5 - President'!I8) | V211: =IF('Step 5 - President'!B8="","",'Step 5 - President'!K8) | W211: =IF('Step 5 - President'!B8="","",'Step 5 - President'!L8) | X211: =IF('Step 5 - President'!B8="","",'Step 5 - President'!N8) | Y211: ="" | Z211: ="" | AA211: ="" | AB211: ="" | AC211: ="" | AD211: ="" | AE211: ="" | AF211: ="" | ... AM211: =""
A212: =IF('Step 5 - President'!B9="","","Active") | B212: =IF('Step 5 - President'!B9="","",'Step 5 - President'!B9) | C212: =IF('Step 5 - President'!B9="","",'Step 5 - President'!B9) | D212: =IF('Step 5 - President'!B9="","",'Step 5 - President'!G9) | E212: =IF('Step 5 - President'!B9="","",'Step 5 - President'!H9) | F212: =IF('Step 5 - President'!B9="","",IF('Step 5 - President'!C9="","","Fund Code")) | G212: =IF('Step 5 - President'!B9="","",IF('Step 5 - President'!C9="","","Equals")) | H212: =IF('Step 5 - President'!B9="","",IF('Step 5 - President'!C9="","",'Step 5 - President'!C9)) | I212: =IF('Step 5 - President'!B9="","","Organization Code") | J212: =IF('Step 5 - President'!B9="","","Equals") | K212: =IF('Step 5 - President'!B9="","",'Step 5 - President'!D9) | L212: =IF('Step 5 - President'!B9="","","Other Criteria") | M212: =IF('Step 5 - President'!B9="","","Equals") | N212: =IF('Step 5 - President'!B9="","",'Step 5 - President'!E9) | O212: =IF('Step 5 - President'!B9="","",IF('Step 5 - President'!F9="","","Total")) | P212: =IF('Step 5 - President'!B9="","",IF('Step 5 - President'!F9="","",">=")) | Q212: =IF('Step 5 - President'!B9="","",IF('Step 5 - President'!F9="","",'Step 5 - President'!F9)) | R212: ="" | S212: ="" | T212: ="" | U212: =IF('Step 5 - President'!B9="","",'Step 5 - President'!I9) | V212: =IF('Step 5 - President'!B9="","",'Step 5 - President'!K9) | W212: =IF('Step 5 - President'!B9="","",'Step 5 - President'!L9) | X212: =IF('Step 5 - President'!B9="","",'Step 5 - President'!N9) | Y212: ="" | Z212: ="" | AA212: ="" | AB212: ="" | AC212: ="" | AD212: ="" | AE212: ="" | AF212: ="" | ... AM212: =""
A213: =IF('Step 5 - President'!B10="","","Active") | B213: =IF('Step 5 - President'!B10="","",'Step 5 - President'!B10) | C213: =IF('Step 5 - President'!B10="","",'Step 5 - President'!B10) | D213: =IF('Step 5 - President'!B10="","",'Step 5 - President'!G10) | E213: =IF('Step 5 - President'!B10="","",'Step 5 - President'!H10) | F213: =IF('Step 5 - President'!B10="","",IF('Step 5 - President'!C10="","","Fund Code")) | G213: =IF('Step 5 - President'!B10="","",IF('Step 5 - President'!C10="","","Equals")) | H213: =IF('Step 5 - President'!B10="","",IF('Step 5 - President'!C10="","",'Step 5 - President'!C10)) | I213: =IF('Step 5 - President'!B10="","","Organization Code") | J213: =IF('Step 5 - President'!B10="","","Equals") | K213: =IF('Step 5 - President'!B10="","",'Step 5 - President'!D10) | L213: =IF('Step 5 - President'!B10="","","Other Criteria") | M213: =IF('Step 5 - President'!B10="","","Equals") | N213: =IF('Step 5 - President'!B10="","",'Step 5 - President'!E10) | O213: =IF('Step 5 - President'!B10="","",IF('Step 5 - President'!F10="","","Total")) | P213: =IF('Step 5 - President'!B10="","",IF('Step 5 - President'!F10="","",">=")) | Q213: =IF('Step 5 - President'!B10="","",IF('Step 5 - President'!F10="","",'Step 5 - President'!F10)) | R213: ="" | S213: ="" | T213: ="" | U213: =IF('Step 5 - President'!B10="","",'Step 5 - President'!I10) | V213: =IF('Step 5 - President'!B10="","",'Step 5 - President'!K10) | W213: =IF('Step 5 - President'!B10="","",'Step 5 - President'!L10) | X213: =IF('Step 5 - President'!B10="","",'Step 5 - President'!N10) | Y213: ="" | Z213: ="" | AA213: ="" | AB213: ="" | AC213: ="" | AD213: ="" | AE213: ="" | AF213: ="" | ... AM213: =""
A214: =IF('Step 5 - President'!B11="","","Active") | B214: =IF('Step 5 - President'!B11="","",'Step 5 - President'!B11) | C214: =IF('Step 5 - President'!B11="","",'Step 5 - President'!B11) | D214: =IF('Step 5 - President'!B11="","",'Step 5 - President'!G11) | E214: =IF('Step 5 - President'!B11="","",'Step 5 - President'!H11) | F214: =IF('Step 5 - President'!B11="","",IF('Step 5 - President'!C11="","","Fund Code")) | G214: =IF('Step 5 - President'!B11="","",IF('Step 5 - President'!C11="","","Equals")) | H214: =IF('Step 5 - President'!B11="","",IF('Step 5 - President'!C11="","",'Step 5 - President'!C11)) | I214: =IF('Step 5 - President'!B11="","","Organization Code") | J214: =IF('Step 5 - President'!B11="","","Equals") | K214: =IF('Step 5 - President'!B11="","",'Step 5 - President'!D11) | L214: =IF('Step 5 - President'!B11="","","Other Criteria") | M214: =IF('Step 5 - President'!B11="","","Equals") | N214: =IF('Step 5 - President'!B11="","",'Step 5 - President'!E11) | O214: =IF('Step 5 - President'!B11="","",IF('Step 5 - President'!F11="","","Total")) | P214: =IF('Step 5 - President'!B11="","",IF('Step 5 - President'!F11="","",">=")) | Q214: =IF('Step 5 - President'!B11="","",IF('Step 5 - President'!F11="","",'Step 5 - President'!F11)) | R214: ="" | S214: ="" | T214: ="" | U214: =IF('Step 5 - President'!B11="","",'Step 5 - President'!I11) | V214: =IF('Step 5 - President'!B11="","",'Step 5 - President'!K11) | W214: =IF('Step 5 - President'!B11="","",'Step 5 - President'!L11) | X214: =IF('Step 5 - President'!B11="","",'Step 5 - President'!N11) | Y214: ="" | Z214: ="" | AA214: ="" | AB214: ="" | AC214: ="" | AD214: ="" | AE214: ="" | AF214: ="" | ... AM214: =""
A215: =IF('Step 5 - President'!B12="","","Active") | B215: =IF('Step 5 - President'!B12="","",'Step 5 - President'!B12) | C215: =IF('Step 5 - President'!B12="","",'Step 5 - President'!B12) | D215: =IF('Step 5 - President'!B12="","",'Step 5 - President'!G12) | E215: =IF('Step 5 - President'!B12="","",'Step 5 - President'!H12) | F215: =IF('Step 5 - President'!B12="","",IF('Step 5 - President'!C12="","","Fund Code")) | G215: =IF('Step 5 - President'!B12="","",IF('Step 5 - President'!C12="","","Equals")) | H215: =IF('Step 5 - President'!B12="","",IF('Step 5 - President'!C12="","",'Step 5 - President'!C12)) | I215: =IF('Step 5 - President'!B12="","","Organization Code") | J215: =IF('Step 5 - President'!B12="","","Equals") | K215: =IF('Step 5 - President'!B12="","",'Step 5 - President'!D12) | L215: =IF('Step 5 - President'!B12="","","Other Criteria") | M215: =IF('Step 5 - President'!B12="","","Equals") | N215: =IF('Step 5 - President'!B12="","",'Step 5 - President'!E12) | O215: =IF('Step 5 - President'!B12="","",IF('Step 5 - President'!F12="","","Total")) | P215: =IF('Step 5 - President'!B12="","",IF('Step 5 - President'!F12="","",">=")) | Q215: =IF('Step 5 - President'!B12="","",IF('Step 5 - President'!F12="","",'Step 5 - President'!F12)) | R215: ="" | S215: ="" | T215: ="" | U215: =IF('Step 5 - President'!B12="","",'Step 5 - President'!I12) | V215: =IF('Step 5 - President'!B12="","",'Step 5 - President'!K12) | W215: =IF('Step 5 - President'!B12="","",'Step 5 - President'!L12) | X215: =IF('Step 5 - President'!B12="","",'Step 5 - President'!N12) | Y215: ="" | Z215: ="" | AA215: ="" | AB215: ="" | AC215: ="" | AD215: ="" | AE215: ="" | AF215: ="" | ... AM215: =""
A216: =IF('Step 5 - President'!B13="","","Active") | B216: =IF('Step 5 - President'!B13="","",'Step 5 - President'!B13) | C216: =IF('Step 5 - President'!B13="","",'Step 5 - President'!B13) | D216: =IF('Step 5 - President'!B13="","",'Step 5 - President'!G13) | E216: =IF('Step 5 - President'!B13="","",'Step 5 - President'!H13) | F216: =IF('Step 5 - President'!B13="","",IF('Step 5 - President'!C13="","","Fund Code")) | G216: =IF('Step 5 - President'!B13="","",IF('Step 5 - President'!C13="","","Equals")) | H216: =IF('Step 5 - President'!B13="","",IF('Step 5 - President'!C13="","",'Step 5 - President'!C13)) | I216: =IF('Step 5 - President'!B13="","","Organization Code") | J216: =IF('Step 5 - President'!B13="","","Equals") | K216: =IF('Step 5 - President'!B13="","",'Step 5 - President'!D13) | L216: =IF('Step 5 - President'!B13="","","Other Criteria") | M216: =IF('Step 5 - President'!B13="","","Equals") | N216: =IF('Step 5 - President'!B13="","",'Step 5 - President'!E13) | O216: =IF('Step 5 - President'!B13="","",IF('Step 5 - President'!F13="","","Total")) | P216: =IF('Step 5 - President'!B13="","",IF('Step 5 - President'!F13="","",">=")) | Q216: =IF('Step 5 - President'!B13="","",IF('Step 5 - President'!F13="","",'Step 5 - President'!F13)) | R216: ="" | S216: ="" | T216: ="" | U216: =IF('Step 5 - President'!B13="","",'Step 5 - President'!I13) | V216: =IF('Step 5 - President'!B13="","",'Step 5 - President'!K13) | W216: =IF('Step 5 - President'!B13="","",'Step 5 - President'!L13) | X216: =IF('Step 5 - President'!B13="","",'Step 5 - President'!N13) | Y216: ="" | Z216: ="" | AA216: ="" | AB216: ="" | AC216: ="" | AD216: ="" | AE216: ="" | AF216: ="" | ... AM216: =""
A217: =IF('Step 5 - President'!B14="","","Active") | B217: =IF('Step 5 - President'!B14="","",'Step 5 - President'!B14) | C217: =IF('Step 5 - President'!B14="","",'Step 5 - President'!B14) | D217: =IF('Step 5 - President'!B14="","",'Step 5 - President'!G14) | E217: =IF('Step 5 - President'!B14="","",'Step 5 - President'!H14) | F217: =IF('Step 5 - President'!B14="","",IF('Step 5 - President'!C14="","","Fund Code")) | G217: =IF('Step 5 - President'!B14="","",IF('Step 5 - President'!C14="","","Equals")) | H217: =IF('Step 5 - President'!B14="","",IF('Step 5 - President'!C14="","",'Step 5 - President'!C14)) | I217: =IF('Step 5 - President'!B14="","","Organization Code") | J217: =IF('Step 5 - President'!B14="","","Equals") | K217: =IF('Step 5 - President'!B14="","",'Step 5 - President'!D14) | L217: =IF('Step 5 - President'!B14="","","Other Criteria") | M217: =IF('Step 5 - President'!B14="","","Equals") | N217: =IF('Step 5 - President'!B14="","",'Step 5 - President'!E14) | O217: =IF('Step 5 - President'!B14="","",IF('Step 5 - President'!F14="","","Total")) | P217: =IF('Step 5 - President'!B14="","",IF('Step 5 - President'!F14="","",">=")) | Q217: =IF('Step 5 - President'!B14="","",IF('Step 5 - President'!F14="","",'Step 5 - President'!F14)) | R217: ="" | S217: ="" | T217: ="" | U217: =IF('Step 5 - President'!B14="","",'Step 5 - President'!I14) | V217: =IF('Step 5 - President'!B14="","",'Step 5 - President'!K14) | W217: =IF('Step 5 - President'!B14="","",'Step 5 - President'!L14) | X217: =IF('Step 5 - President'!B14="","",'Step 5 - President'!N14) | Y217: ="" | Z217: ="" | AA217: ="" | AB217: ="" | AC217: ="" | AD217: ="" | AE217: ="" | AF217: ="" | ... AM217: =""
A218: =IF('Step 5 - President'!B15="","","Active") | B218: =IF('Step 5 - President'!B15="","",'Step 5 - President'!B15) | C218: =IF('Step 5 - President'!B15="","",'Step 5 - President'!B15) | D218: =IF('Step 5 - President'!B15="","",'Step 5 - President'!G15) | E218: =IF('Step 5 - President'!B15="","",'Step 5 - President'!H15) | F218: =IF('Step 5 - President'!B15="","",IF('Step 5 - President'!C15="","","Fund Code")) | G218: =IF('Step 5 - President'!B15="","",IF('Step 5 - President'!C15="","","Equals")) | H218: =IF('Step 5 - President'!B15="","",IF('Step 5 - President'!C15="","",'Step 5 - President'!C15)) | I218: =IF('Step 5 - President'!B15="","","Organization Code") | J218: =IF('Step 5 - President'!B15="","","Equals") | K218: =IF('Step 5 - President'!B15="","",'Step 5 - President'!D15) | L218: =IF('Step 5 - President'!B15="","","Other Criteria") | M218: =IF('Step 5 - President'!B15="","","Equals") | N218: =IF('Step 5 - President'!B15="","",'Step 5 - President'!E15) | O218: =IF('Step 5 - President'!B15="","",IF('Step 5 - President'!F15="","","Total")) | P218: =IF('Step 5 - President'!B15="","",IF('Step 5 - President'!F15="","",">=")) | Q218: =IF('Step 5 - President'!B15="","",IF('Step 5 - President'!F15="","",'Step 5 - President'!F15)) | R218: ="" | S218: ="" | T218: ="" | U218: =IF('Step 5 - President'!B15="","",'Step 5 - President'!I15) | V218: =IF('Step 5 - President'!B15="","",'Step 5 - President'!K15) | W218: =IF('Step 5 - President'!B15="","",'Step 5 - President'!L15) | X218: =IF('Step 5 - President'!B15="","",'Step 5 - President'!N15) | Y218: ="" | Z218: ="" | AA218: ="" | AB218: ="" | AC218: ="" | AD218: ="" | AE218: ="" | AF218: ="" | ... AM218: =""
A219: =IF('Step 5 - President'!B16="","","Active") | B219: =IF('Step 5 - President'!B16="","",'Step 5 - President'!B16) | C219: =IF('Step 5 - President'!B16="","",'Step 5 - President'!B16) | D219: =IF('Step 5 - President'!B16="","",'Step 5 - President'!G16) | E219: =IF('Step 5 - President'!B16="","",'Step 5 - President'!H16) | F219: =IF('Step 5 - President'!B16="","",IF('Step 5 - President'!C16="","","Fund Code")) | G219: =IF('Step 5 - President'!B16="","",IF('Step 5 - President'!C16="","","Equals")) | H219: =IF('Step 5 - President'!B16="","",IF('Step 5 - President'!C16="","",'Step 5 - President'!C16)) | I219: =IF('Step 5 - President'!B16="","","Organization Code") | J219: =IF('Step 5 - President'!B16="","","Equals") | K219: =IF('Step 5 - President'!B16="","",'Step 5 - President'!D16) | L219: =IF('Step 5 - President'!B16="","","Other Criteria") | M219: =IF('Step 5 - President'!B16="","","Equals") | N219: =IF('Step 5 - President'!B16="","",'Step 5 - President'!E16) | O219: =IF('Step 5 - President'!B16="","",IF('Step 5 - President'!F16="","","Total")) | P219: =IF('Step 5 - President'!B16="","",IF('Step 5 - President'!F16="","",">=")) | Q219: =IF('Step 5 - President'!B16="","",IF('Step 5 - President'!F16="","",'Step 5 - President'!F16)) | R219: ="" | S219: ="" | T219: ="" | U219: =IF('Step 5 - President'!B16="","",'Step 5 - President'!I16) | V219: =IF('Step 5 - President'!B16="","",'Step 5 - President'!K16) | W219: =IF('Step 5 - President'!B16="","",'Step 5 - President'!L16) | X219: =IF('Step 5 - President'!B16="","",'Step 5 - President'!N16) | Y219: ="" | Z219: ="" | AA219: ="" | AB219: ="" | AC219: ="" | AD219: ="" | AE219: ="" | AF219: ="" | ... AM219: =""
... A256: =IF('Step 5 - President'!B53="","","Active") | B256: =IF('Step 5 - President'!B53="","",'Step 5 - President'!B53) | C256: =IF('Step 5 - President'!B53="","",'Step 5 - President'!B53) | D256: =IF('Step 5 - President'!B53="","",'Step 5 - President'!G53) | E256: =IF('Step 5 - President'!B53="","",'Step 5 - President'!H53) | F256: =IF('Step 5 - President'!B53="","",IF('Step 5 - President'!C53="","","Fund Code")) | G256: =IF('Step 5 - President'!B53="","",IF('Step 5 - President'!C53="","","Equals")) | H256: =IF('Step 5 - President'!B53="","",IF('Step 5 - President'!C53="","",'Step 5 - President'!C53)) | I256: =IF('Step 5 - President'!B53="","","Organization Code") | J256: =IF('Step 5 - President'!B53="","","Equals") | K256: =IF('Step 5 - President'!B53="","",'Step 5 - President'!D53) | L256: =IF('Step 5 - President'!B53="","","Other Criteria") | M256: =IF('Step 5 - President'!B53="","","Equals") | N256: =IF('Step 5 - President'!B53="","",'Step 5 - President'!E53) | O256: =IF('Step 5 - President'!B53="","",IF('Step 5 - President'!F53="","","Total")) | P256: =IF('Step 5 - President'!B53="","",IF('Step 5 - President'!F53="","",">=")) | Q256: =IF('Step 5 - President'!B53="","",IF('Step 5 - President'!F53="","",'Step 5 - President'!F53)) | R256: ="" | S256: ="" | T256: ="" | U256: =IF('Step 5 - President'!B53="","",'Step 5 - President'!I53) | V256: =IF('Step 5 - President'!B53="","",'Step 5 - President'!K53) | W256: =IF('Step 5 - President'!B53="","",'Step 5 - President'!L53) | X256: =IF('Step 5 - President'!B53="","",'Step 5 - President'!N53) | Y256: ="" | Z256: ="" | AA256: ="" | AB256: ="" | AC256: ="" | AD256: ="" | AE256: ="" | AF256: ="" | ... AM256: =""
A257: v Step 6 - Purchasing Approval (from 'Step 6 - Purchasing' tab) v
A258: =IF('Step 6 - Purchasing'!B5="","","Active") | B258: =IF('Step 6 - Purchasing'!B5="","",'Step 6 - Purchasing'!B5) | C258: =IF('Step 6 - Purchasing'!B5="","",'Step 6 - Purchasing'!B5) | D258: =IF('Step 6 - Purchasing'!B5="","",'Step 6 - Purchasing'!F5) | E258: =IF('Step 6 - Purchasing'!B5="","",'Step 6 - Purchasing'!G5) | F258: =IF('Step 6 - Purchasing'!B5="","",IF('Step 6 - Purchasing'!C5="","","Fund Code")) | G258: =IF('Step 6 - Purchasing'!B5="","",IF('Step 6 - Purchasing'!C5="","","Equals")) | H258: =IF('Step 6 - Purchasing'!B5="","",IF('Step 6 - Purchasing'!C5="","",'Step 6 - Purchasing'!C5)) | I258: =IF('Step 6 - Purchasing'!B5="","","Organization Code") | J258: =IF('Step 6 - Purchasing'!B5="","","Equals") | K258: =IF('Step 6 - Purchasing'!B5="","",'Step 6 - Purchasing'!D5) | L258: =IF('Step 6 - Purchasing'!B5="","","Other Criteria") | M258: =IF('Step 6 - Purchasing'!B5="","","Equals") | N258: =IF('Step 6 - Purchasing'!B5="","",'Step 6 - Purchasing'!E5) | O258: ="" | P258: ="" | Q258: ="" | R258: ="" | S258: ="" | T258: ="" | U258: =IF('Step 6 - Purchasing'!B5="","",'Step 6 - Purchasing'!H5) | V258: =IF('Step 6 - Purchasing'!B5="","",'Step 6 - Purchasing'!J5) | W258: =IF('Step 6 - Purchasing'!B5="","",'Step 6 - Purchasing'!K5) | X258: =IF('Step 6 - Purchasing'!B5="","",'Step 6 - Purchasing'!M5) | Y258: ="" | Z258: ="" | AA258: ="" | AB258: ="" | AC258: ="" | AD258: ="" | AE258: ="" | AF258: ="" | ... AM258: =""
A259: =IF('Step 6 - Purchasing'!B6="","","Active") | B259: =IF('Step 6 - Purchasing'!B6="","",'Step 6 - Purchasing'!B6) | C259: =IF('Step 6 - Purchasing'!B6="","",'Step 6 - Purchasing'!B6) | D259: =IF('Step 6 - Purchasing'!B6="","",'Step 6 - Purchasing'!F6) | E259: =IF('Step 6 - Purchasing'!B6="","",'Step 6 - Purchasing'!G6) | F259: =IF('Step 6 - Purchasing'!B6="","",IF('Step 6 - Purchasing'!C6="","","Fund Code")) | G259: =IF('Step 6 - Purchasing'!B6="","",IF('Step 6 - Purchasing'!C6="","","Equals")) | H259: =IF('Step 6 - Purchasing'!B6="","",IF('Step 6 - Purchasing'!C6="","",'Step 6 - Purchasing'!C6)) | I259: =IF('Step 6 - Purchasing'!B6="","","Organization Code") | J259: =IF('Step 6 - Purchasing'!B6="","","Equals") | K259: =IF('Step 6 - Purchasing'!B6="","",'Step 6 - Purchasing'!D6) | L259: =IF('Step 6 - Purchasing'!B6="","","Other Criteria") | M259: =IF('Step 6 - Purchasing'!B6="","","Equals") | N259: =IF('Step 6 - Purchasing'!B6="","",'Step 6 - Purchasing'!E6) | O259: ="" | P259: ="" | Q259: ="" | R259: ="" | S259: ="" | T259: ="" | U259: =IF('Step 6 - Purchasing'!B6="","",'Step 6 - Purchasing'!H6) | V259: =IF('Step 6 - Purchasing'!B6="","",'Step 6 - Purchasing'!J6) | W259: =IF('Step 6 - Purchasing'!B6="","",'Step 6 - Purchasing'!K6) | X259: =IF('Step 6 - Purchasing'!B6="","",'Step 6 - Purchasing'!M6) | Y259: ="" | Z259: ="" | AA259: ="" | AB259: ="" | AC259: ="" | AD259: ="" | AE259: ="" | AF259: ="" | ... AM259: =""
A260: =IF('Step 6 - Purchasing'!B7="","","Active") | B260: =IF('Step 6 - Purchasing'!B7="","",'Step 6 - Purchasing'!B7) | C260: =IF('Step 6 - Purchasing'!B7="","",'Step 6 - Purchasing'!B7) | D260: =IF('Step 6 - Purchasing'!B7="","",'Step 6 - Purchasing'!F7) | E260: =IF('Step 6 - Purchasing'!B7="","",'Step 6 - Purchasing'!G7) | F260: =IF('Step 6 - Purchasing'!B7="","",IF('Step 6 - Purchasing'!C7="","","Fund Code")) | G260: =IF('Step 6 - Purchasing'!B7="","",IF('Step 6 - Purchasing'!C7="","","Equals")) | H260: =IF('Step 6 - Purchasing'!B7="","",IF('Step 6 - Purchasing'!C7="","",'Step 6 - Purchasing'!C7)) | I260: =IF('Step 6 - Purchasing'!B7="","","Organization Code") | J260: =IF('Step 6 - Purchasing'!B7="","","Equals") | K260: =IF('Step 6 - Purchasing'!B7="","",'Step 6 - Purchasing'!D7) | L260: =IF('Step 6 - Purchasing'!B7="","","Other Criteria") | M260: =IF('Step 6 - Purchasing'!B7="","","Equals") | N260: =IF('Step 6 - Purchasing'!B7="","",'Step 6 - Purchasing'!E7) | O260: ="" | P260: ="" | Q260: ="" | R260: ="" | S260: ="" | T260: ="" | U260: =IF('Step 6 - Purchasing'!B7="","",'Step 6 - Purchasing'!H7) | V260: =IF('Step 6 - Purchasing'!B7="","",'Step 6 - Purchasing'!J7) | W260: =IF('Step 6 - Purchasing'!B7="","",'Step 6 - Purchasing'!K7) | X260: =IF('Step 6 - Purchasing'!B7="","",'Step 6 - Purchasing'!M7) | Y260: ="" | Z260: ="" | AA260: ="" | AB260: ="" | AC260: ="" | AD260: ="" | AE260: ="" | AF260: ="" | ... AM260: =""
A261: =IF('Step 6 - Purchasing'!B8="","","Active") | B261: =IF('Step 6 - Purchasing'!B8="","",'Step 6 - Purchasing'!B8) | C261: =IF('Step 6 - Purchasing'!B8="","",'Step 6 - Purchasing'!B8) | D261: =IF('Step 6 - Purchasing'!B8="","",'Step 6 - Purchasing'!F8) | E261: =IF('Step 6 - Purchasing'!B8="","",'Step 6 - Purchasing'!G8) | F261: =IF('Step 6 - Purchasing'!B8="","",IF('Step 6 - Purchasing'!C8="","","Fund Code")) | G261: =IF('Step 6 - Purchasing'!B8="","",IF('Step 6 - Purchasing'!C8="","","Equals")) | H261: =IF('Step 6 - Purchasing'!B8="","",IF('Step 6 - Purchasing'!C8="","",'Step 6 - Purchasing'!C8)) | I261: =IF('Step 6 - Purchasing'!B8="","","Organization Code") | J261: =IF('Step 6 - Purchasing'!B8="","","Equals") | K261: =IF('Step 6 - Purchasing'!B8="","",'Step 6 - Purchasing'!D8) | L261: =IF('Step 6 - Purchasing'!B8="","","Other Criteria") | M261: =IF('Step 6 - Purchasing'!B8="","","Equals") | N261: =IF('Step 6 - Purchasing'!B8="","",'Step 6 - Purchasing'!E8) | O261: ="" | P261: ="" | Q261: ="" | R261: ="" | S261: ="" | T261: ="" | U261: =IF('Step 6 - Purchasing'!B8="","",'Step 6 - Purchasing'!H8) | V261: =IF('Step 6 - Purchasing'!B8="","",'Step 6 - Purchasing'!J8) | W261: =IF('Step 6 - Purchasing'!B8="","",'Step 6 - Purchasing'!K8) | X261: =IF('Step 6 - Purchasing'!B8="","",'Step 6 - Purchasing'!M8) | Y261: ="" | Z261: ="" | AA261: ="" | AB261: ="" | AC261: ="" | AD261: ="" | AE261: ="" | AF261: ="" | ... AM261: =""
A262: =IF('Step 6 - Purchasing'!B9="","","Active") | B262: =IF('Step 6 - Purchasing'!B9="","",'Step 6 - Purchasing'!B9) | C262: =IF('Step 6 - Purchasing'!B9="","",'Step 6 - Purchasing'!B9) | D262: =IF('Step 6 - Purchasing'!B9="","",'Step 6 - Purchasing'!F9) | E262: =IF('Step 6 - Purchasing'!B9="","",'Step 6 - Purchasing'!G9) | F262: =IF('Step 6 - Purchasing'!B9="","",IF('Step 6 - Purchasing'!C9="","","Fund Code")) | G262: =IF('Step 6 - Purchasing'!B9="","",IF('Step 6 - Purchasing'!C9="","","Equals")) | H262: =IF('Step 6 - Purchasing'!B9="","",IF('Step 6 - Purchasing'!C9="","",'Step 6 - Purchasing'!C9)) | I262: =IF('Step 6 - Purchasing'!B9="","","Organization Code") | J262: =IF('Step 6 - Purchasing'!B9="","","Equals") | K262: =IF('Step 6 - Purchasing'!B9="","",'Step 6 - Purchasing'!D9) | L262: =IF('Step 6 - Purchasing'!B9="","","Other Criteria") | M262: =IF('Step 6 - Purchasing'!B9="","","Equals") | N262: =IF('Step 6 - Purchasing'!B9="","",'Step 6 - Purchasing'!E9) | O262: ="" | P262: ="" | Q262: ="" | R262: ="" | S262: ="" | T262: ="" | U262: =IF('Step 6 - Purchasing'!B9="","",'Step 6 - Purchasing'!H9) | V262: =IF('Step 6 - Purchasing'!B9="","",'Step 6 - Purchasing'!J9) | W262: =IF('Step 6 - Purchasing'!B9="","",'Step 6 - Purchasing'!K9) | X262: =IF('Step 6 - Purchasing'!B9="","",'Step 6 - Purchasing'!M9) | Y262: ="" | Z262: ="" | AA262: ="" | AB262: ="" | AC262: ="" | AD262: ="" | AE262: ="" | AF262: ="" | ... AM262: =""
A263: =IF('Step 6 - Purchasing'!B10="","","Active") | B263: =IF('Step 6 - Purchasing'!B10="","",'Step 6 - Purchasing'!B10) | C263: =IF('Step 6 - Purchasing'!B10="","",'Step 6 - Purchasing'!B10) | D263: =IF('Step 6 - Purchasing'!B10="","",'Step 6 - Purchasing'!F10) | E263: =IF('Step 6 - Purchasing'!B10="","",'Step 6 - Purchasing'!G10) | F263: =IF('Step 6 - Purchasing'!B10="","",IF('Step 6 - Purchasing'!C10="","","Fund Code")) | G263: =IF('Step 6 - Purchasing'!B10="","",IF('Step 6 - Purchasing'!C10="","","Equals")) | H263: =IF('Step 6 - Purchasing'!B10="","",IF('Step 6 - Purchasing'!C10="","",'Step 6 - Purchasing'!C10)) | I263: =IF('Step 6 - Purchasing'!B10="","","Organization Code") | J263: =IF('Step 6 - Purchasing'!B10="","","Equals") | K263: =IF('Step 6 - Purchasing'!B10="","",'Step 6 - Purchasing'!D10) | L263: =IF('Step 6 - Purchasing'!B10="","","Other Criteria") | M263: =IF('Step 6 - Purchasing'!B10="","","Equals") | N263: =IF('Step 6 - Purchasing'!B10="","",'Step 6 - Purchasing'!E10) | O263: ="" | P263: ="" | Q263: ="" | R263: ="" | S263: ="" | T263: ="" | U263: =IF('Step 6 - Purchasing'!B10="","",'Step 6 - Purchasing'!H10) | V263: =IF('Step 6 - Purchasing'!B10="","",'Step 6 - Purchasing'!J10) | W263: =IF('Step 6 - Purchasing'!B10="","",'Step 6 - Purchasing'!K10) | X263: =IF('Step 6 - Purchasing'!B10="","",'Step 6 - Purchasing'!M10) | Y263: ="" | Z263: ="" | AA263: ="" | AB263: ="" | AC263: ="" | AD263: ="" | AE263: ="" | AF263: ="" | ... AM263: =""
A264: =IF('Step 6 - Purchasing'!B11="","","Active") | B264: =IF('Step 6 - Purchasing'!B11="","",'Step 6 - Purchasing'!B11) | C264: =IF('Step 6 - Purchasing'!B11="","",'Step 6 - Purchasing'!B11) | D264: =IF('Step 6 - Purchasing'!B11="","",'Step 6 - Purchasing'!F11) | E264: =IF('Step 6 - Purchasing'!B11="","",'Step 6 - Purchasing'!G11) | F264: =IF('Step 6 - Purchasing'!B11="","",IF('Step 6 - Purchasing'!C11="","","Fund Code")) | G264: =IF('Step 6 - Purchasing'!B11="","",IF('Step 6 - Purchasing'!C11="","","Equals")) | H264: =IF('Step 6 - Purchasing'!B11="","",IF('Step 6 - Purchasing'!C11="","",'Step 6 - Purchasing'!C11)) | I264: =IF('Step 6 - Purchasing'!B11="","","Organization Code") | J264: =IF('Step 6 - Purchasing'!B11="","","Equals") | K264: =IF('Step 6 - Purchasing'!B11="","",'Step 6 - Purchasing'!D11) | L264: =IF('Step 6 - Purchasing'!B11="","","Other Criteria") | M264: =IF('Step 6 - Purchasing'!B11="","","Equals") | N264: =IF('Step 6 - Purchasing'!B11="","",'Step 6 - Purchasing'!E11) | O264: ="" | P264: ="" | Q264: ="" | R264: ="" | S264: ="" | T264: ="" | U264: =IF('Step 6 - Purchasing'!B11="","",'Step 6 - Purchasing'!H11) | V264: =IF('Step 6 - Purchasing'!B11="","",'Step 6 - Purchasing'!J11) | W264: =IF('Step 6 - Purchasing'!B11="","",'Step 6 - Purchasing'!K11) | X264: =IF('Step 6 - Purchasing'!B11="","",'Step 6 - Purchasing'!M11) | Y264: ="" | Z264: ="" | AA264: ="" | AB264: ="" | AC264: ="" | AD264: ="" | AE264: ="" | AF264: ="" | ... AM264: =""
A265: =IF('Step 6 - Purchasing'!B12="","","Active") | B265: =IF('Step 6 - Purchasing'!B12="","",'Step 6 - Purchasing'!B12) | C265: =IF('Step 6 - Purchasing'!B12="","",'Step 6 - Purchasing'!B12) | D265: =IF('Step 6 - Purchasing'!B12="","",'Step 6 - Purchasing'!F12) | E265: =IF('Step 6 - Purchasing'!B12="","",'Step 6 - Purchasing'!G12) | F265: =IF('Step 6 - Purchasing'!B12="","",IF('Step 6 - Purchasing'!C12="","","Fund Code")) | G265: =IF('Step 6 - Purchasing'!B12="","",IF('Step 6 - Purchasing'!C12="","","Equals")) | H265: =IF('Step 6 - Purchasing'!B12="","",IF('Step 6 - Purchasing'!C12="","",'Step 6 - Purchasing'!C12)) | I265: =IF('Step 6 - Purchasing'!B12="","","Organization Code") | J265: =IF('Step 6 - Purchasing'!B12="","","Equals") | K265: =IF('Step 6 - Purchasing'!B12="","",'Step 6 - Purchasing'!D12) | L265: =IF('Step 6 - Purchasing'!B12="","","Other Criteria") | M265: =IF('Step 6 - Purchasing'!B12="","","Equals") | N265: =IF('Step 6 - Purchasing'!B12="","",'Step 6 - Purchasing'!E12) | O265: ="" | P265: ="" | Q265: ="" | R265: ="" | S265: ="" | T265: ="" | U265: =IF('Step 6 - Purchasing'!B12="","",'Step 6 - Purchasing'!H12) | V265: =IF('Step 6 - Purchasing'!B12="","",'Step 6 - Purchasing'!J12) | W265: =IF('Step 6 - Purchasing'!B12="","",'Step 6 - Purchasing'!K12) | X265: =IF('Step 6 - Purchasing'!B12="","",'Step 6 - Purchasing'!M12) | Y265: ="" | Z265: ="" | AA265: ="" | AB265: ="" | AC265: ="" | AD265: ="" | AE265: ="" | AF265: ="" | ... AM265: =""
A266: =IF('Step 6 - Purchasing'!B13="","","Active") | B266: =IF('Step 6 - Purchasing'!B13="","",'Step 6 - Purchasing'!B13) | C266: =IF('Step 6 - Purchasing'!B13="","",'Step 6 - Purchasing'!B13) | D266: =IF('Step 6 - Purchasing'!B13="","",'Step 6 - Purchasing'!F13) | E266: =IF('Step 6 - Purchasing'!B13="","",'Step 6 - Purchasing'!G13) | F266: =IF('Step 6 - Purchasing'!B13="","",IF('Step 6 - Purchasing'!C13="","","Fund Code")) | G266: =IF('Step 6 - Purchasing'!B13="","",IF('Step 6 - Purchasing'!C13="","","Equals")) | H266: =IF('Step 6 - Purchasing'!B13="","",IF('Step 6 - Purchasing'!C13="","",'Step 6 - Purchasing'!C13)) | I266: =IF('Step 6 - Purchasing'!B13="","","Organization Code") | J266: =IF('Step 6 - Purchasing'!B13="","","Equals") | K266: =IF('Step 6 - Purchasing'!B13="","",'Step 6 - Purchasing'!D13) | L266: =IF('Step 6 - Purchasing'!B13="","","Other Criteria") | M266: =IF('Step 6 - Purchasing'!B13="","","Equals") | N266: =IF('Step 6 - Purchasing'!B13="","",'Step 6 - Purchasing'!E13) | O266: ="" | P266: ="" | Q266: ="" | R266: ="" | S266: ="" | T266: ="" | U266: =IF('Step 6 - Purchasing'!B13="","",'Step 6 - Purchasing'!H13) | V266: =IF('Step 6 - Purchasing'!B13="","",'Step 6 - Purchasing'!J13) | W266: =IF('Step 6 - Purchasing'!B13="","",'Step 6 - Purchasing'!K13) | X266: =IF('Step 6 - Purchasing'!B13="","",'Step 6 - Purchasing'!M13) | Y266: ="" | Z266: ="" | AA266: ="" | AB266: ="" | AC266: ="" | AD266: ="" | AE266: ="" | AF266: ="" | ... AM266: =""
A267: =IF('Step 6 - Purchasing'!B14="","","Active") | B267: =IF('Step 6 - Purchasing'!B14="","",'Step 6 - Purchasing'!B14) | C267: =IF('Step 6 - Purchasing'!B14="","",'Step 6 - Purchasing'!B14) | D267: =IF('Step 6 - Purchasing'!B14="","",'Step 6 - Purchasing'!F14) | E267: =IF('Step 6 - Purchasing'!B14="","",'Step 6 - Purchasing'!G14) | F267: =IF('Step 6 - Purchasing'!B14="","",IF('Step 6 - Purchasing'!C14="","","Fund Code")) | G267: =IF('Step 6 - Purchasing'!B14="","",IF('Step 6 - Purchasing'!C14="","","Equals")) | H267: =IF('Step 6 - Purchasing'!B14="","",IF('Step 6 - Purchasing'!C14="","",'Step 6 - Purchasing'!C14)) | I267: =IF('Step 6 - Purchasing'!B14="","","Organization Code") | J267: =IF('Step 6 - Purchasing'!B14="","","Equals") | K267: =IF('Step 6 - Purchasing'!B14="","",'Step 6 - Purchasing'!D14) | L267: =IF('Step 6 - Purchasing'!B14="","","Other Criteria") | M267: =IF('Step 6 - Purchasing'!B14="","","Equals") | N267: =IF('Step 6 - Purchasing'!B14="","",'Step 6 - Purchasing'!E14) | O267: ="" | P267: ="" | Q267: ="" | R267: ="" | S267: ="" | T267: ="" | U267: =IF('Step 6 - Purchasing'!B14="","",'Step 6 - Purchasing'!H14) | V267: =IF('Step 6 - Purchasing'!B14="","",'Step 6 - Purchasing'!J14) | W267: =IF('Step 6 - Purchasing'!B14="","",'Step 6 - Purchasing'!K14) | X267: =IF('Step 6 - Purchasing'!B14="","",'Step 6 - Purchasing'!M14) | Y267: ="" | Z267: ="" | AA267: ="" | AB267: ="" | AC267: ="" | AD267: ="" | AE267: ="" | AF267: ="" | ... AM267: =""
A268: =IF('Step 6 - Purchasing'!B15="","","Active") | B268: =IF('Step 6 - Purchasing'!B15="","",'Step 6 - Purchasing'!B15) | C268: =IF('Step 6 - Purchasing'!B15="","",'Step 6 - Purchasing'!B15) | D268: =IF('Step 6 - Purchasing'!B15="","",'Step 6 - Purchasing'!F15) | E268: =IF('Step 6 - Purchasing'!B15="","",'Step 6 - Purchasing'!G15) | F268: =IF('Step 6 - Purchasing'!B15="","",IF('Step 6 - Purchasing'!C15="","","Fund Code")) | G268: =IF('Step 6 - Purchasing'!B15="","",IF('Step 6 - Purchasing'!C15="","","Equals")) | H268: =IF('Step 6 - Purchasing'!B15="","",IF('Step 6 - Purchasing'!C15="","",'Step 6 - Purchasing'!C15)) | I268: =IF('Step 6 - Purchasing'!B15="","","Organization Code") | J268: =IF('Step 6 - Purchasing'!B15="","","Equals") | K268: =IF('Step 6 - Purchasing'!B15="","",'Step 6 - Purchasing'!D15) | L268: =IF('Step 6 - Purchasing'!B15="","","Other Criteria") | M268: =IF('Step 6 - Purchasing'!B15="","","Equals") | N268: =IF('Step 6 - Purchasing'!B15="","",'Step 6 - Purchasing'!E15) | O268: ="" | P268: ="" | Q268: ="" | R268: ="" | S268: ="" | T268: ="" | U268: =IF('Step 6 - Purchasing'!B15="","",'Step 6 - Purchasing'!H15) | V268: =IF('Step 6 - Purchasing'!B15="","",'Step 6 - Purchasing'!J15) | W268: =IF('Step 6 - Purchasing'!B15="","",'Step 6 - Purchasing'!K15) | X268: =IF('Step 6 - Purchasing'!B15="","",'Step 6 - Purchasing'!M15) | Y268: ="" | Z268: ="" | AA268: ="" | AB268: ="" | AC268: ="" | AD268: ="" | AE268: ="" | AF268: ="" | ... AM268: =""
A269: =IF('Step 6 - Purchasing'!B16="","","Active") | B269: =IF('Step 6 - Purchasing'!B16="","",'Step 6 - Purchasing'!B16) | C269: =IF('Step 6 - Purchasing'!B16="","",'Step 6 - Purchasing'!B16) | D269: =IF('Step 6 - Purchasing'!B16="","",'Step 6 - Purchasing'!F16) | E269: =IF('Step 6 - Purchasing'!B16="","",'Step 6 - Purchasing'!G16) | F269: =IF('Step 6 - Purchasing'!B16="","",IF('Step 6 - Purchasing'!C16="","","Fund Code")) | G269: =IF('Step 6 - Purchasing'!B16="","",IF('Step 6 - Purchasing'!C16="","","Equals")) | H269: =IF('Step 6 - Purchasing'!B16="","",IF('Step 6 - Purchasing'!C16="","",'Step 6 - Purchasing'!C16)) | I269: =IF('Step 6 - Purchasing'!B16="","","Organization Code") | J269: =IF('Step 6 - Purchasing'!B16="","","Equals") | K269: =IF('Step 6 - Purchasing'!B16="","",'Step 6 - Purchasing'!D16) | L269: =IF('Step 6 - Purchasing'!B16="","","Other Criteria") | M269: =IF('Step 6 - Purchasing'!B16="","","Equals") | N269: =IF('Step 6 - Purchasing'!B16="","",'Step 6 - Purchasing'!E16) | O269: ="" | P269: ="" | Q269: ="" | R269: ="" | S269: ="" | T269: ="" | U269: =IF('Step 6 - Purchasing'!B16="","",'Step 6 - Purchasing'!H16) | V269: =IF('Step 6 - Purchasing'!B16="","",'Step 6 - Purchasing'!J16) | W269: =IF('Step 6 - Purchasing'!B16="","",'Step 6 - Purchasing'!K16) | X269: =IF('Step 6 - Purchasing'!B16="","",'Step 6 - Purchasing'!M16) | Y269: ="" | Z269: ="" | AA269: ="" | AB269: ="" | AC269: ="" | AD269: ="" | AE269: ="" | AF269: ="" | ... AM269: =""
... A306: =IF('Step 6 - Purchasing'!B53="","","Active") | B306: =IF('Step 6 - Purchasing'!B53="","",'Step 6 - Purchasing'!B53) | C306: =IF('Step 6 - Purchasing'!B53="","",'Step 6 - Purchasing'!B53) | D306: =IF('Step 6 - Purchasing'!B53="","",'Step 6 - Purchasing'!F53) | E306: =IF('Step 6 - Purchasing'!B53="","",'Step 6 - Purchasing'!G53) | F306: =IF('Step 6 - Purchasing'!B53="","",IF('Step 6 - Purchasing'!C53="","","Fund Code")) | G306: =IF('Step 6 - Purchasing'!B53="","",IF('Step 6 - Purchasing'!C53="","","Equals")) | H306: =IF('Step 6 - Purchasing'!B53="","",IF('Step 6 - Purchasing'!C53="","",'Step 6 - Purchasing'!C53)) | I306: =IF('Step 6 - Purchasing'!B53="","","Organization Code") | J306: =IF('Step 6 - Purchasing'!B53="","","Equals") | K306: =IF('Step 6 - Purchasing'!B53="","",'Step 6 - Purchasing'!D53) | L306: =IF('Step 6 - Purchasing'!B53="","","Other Criteria") | M306: =IF('Step 6 - Purchasing'!B53="","","Equals") | N306: =IF('Step 6 - Purchasing'!B53="","",'Step 6 - Purchasing'!E53) | O306: ="" | P306: ="" | Q306: ="" | R306: ="" | S306: ="" | T306: ="" | U306: =IF('Step 6 - Purchasing'!B53="","",'Step 6 - Purchasing'!H53) | V306: =IF('Step 6 - Purchasing'!B53="","",'Step 6 - Purchasing'!J53) | W306: =IF('Step 6 - Purchasing'!B53="","",'Step 6 - Purchasing'!K53) | X306: =IF('Step 6 - Purchasing'!B53="","",'Step 6 - Purchasing'!M53) | Y306: ="" | Z306: ="" | AA306: ="" | AB306: ="" | AC306: ="" | AD306: ="" | AE306: ="" | AF306: ="" | ... AM306: =""
A307: v Step 7 - Department Head Approval (from 'Step 7 - Dept Head' tab) v
A308: =IF('Step 7 - Dept Head'!B5="","","Active") | B308: =IF('Step 7 - Dept Head'!B5="","",'Step 7 - Dept Head'!B5) | C308: =IF('Step 7 - Dept Head'!B5="","",'Step 7 - Dept Head'!B5) | D308: =IF('Step 7 - Dept Head'!B5="","",'Step 7 - Dept Head'!G5) | E308: =IF('Step 7 - Dept Head'!B5="","",'Step 7 - Dept Head'!H5) | F308: =IF('Step 7 - Dept Head'!B5="","",IF('Step 7 - Dept Head'!C5="","","Fund Code")) | G308: =IF('Step 7 - Dept Head'!B5="","",IF('Step 7 - Dept Head'!C5="","","Equals")) | H308: =IF('Step 7 - Dept Head'!B5="","",IF('Step 7 - Dept Head'!C5="","",'Step 7 - Dept Head'!C5)) | I308: =IF('Step 7 - Dept Head'!B5="","","Organization Code") | J308: =IF('Step 7 - Dept Head'!B5="","","Equals") | K308: =IF('Step 7 - Dept Head'!B5="","",'Step 7 - Dept Head'!D5) | L308: =IF('Step 7 - Dept Head'!B5="","","Other Criteria") | M308: =IF('Step 7 - Dept Head'!B5="","","Equals") | N308: =IF('Step 7 - Dept Head'!B5="","",'Step 7 - Dept Head'!E5) | O308: =IF('Step 7 - Dept Head'!B5="","",IF('Step 7 - Dept Head'!F5="","","Total")) | P308: =IF('Step 7 - Dept Head'!B5="","",IF('Step 7 - Dept Head'!F5="","",">=")) | Q308: =IF('Step 7 - Dept Head'!B5="","",IF('Step 7 - Dept Head'!F5="","",'Step 7 - Dept Head'!F5)) | R308: ="" | S308: ="" | T308: ="" | U308: =IF('Step 7 - Dept Head'!B5="","",'Step 7 - Dept Head'!I5) | V308: =IF('Step 7 - Dept Head'!B5="","",'Step 7 - Dept Head'!K5) | W308: =IF('Step 7 - Dept Head'!B5="","",'Step 7 - Dept Head'!L5) | X308: =IF('Step 7 - Dept Head'!B5="","",'Step 7 - Dept Head'!N5) | Y308: ="" | Z308: ="" | AA308: ="" | AB308: ="" | AC308: ="" | AD308: ="" | AE308: ="" | AF308: ="" | ... AM308: =""
A309: =IF('Step 7 - Dept Head'!B6="","","Active") | B309: =IF('Step 7 - Dept Head'!B6="","",'Step 7 - Dept Head'!B6) | C309: =IF('Step 7 - Dept Head'!B6="","",'Step 7 - Dept Head'!B6) | D309: =IF('Step 7 - Dept Head'!B6="","",'Step 7 - Dept Head'!G6) | E309: =IF('Step 7 - Dept Head'!B6="","",'Step 7 - Dept Head'!H6) | F309: =IF('Step 7 - Dept Head'!B6="","",IF('Step 7 - Dept Head'!C6="","","Fund Code")) | G309: =IF('Step 7 - Dept Head'!B6="","",IF('Step 7 - Dept Head'!C6="","","Equals")) | H309: =IF('Step 7 - Dept Head'!B6="","",IF('Step 7 - Dept Head'!C6="","",'Step 7 - Dept Head'!C6)) | I309: =IF('Step 7 - Dept Head'!B6="","","Organization Code") | J309: =IF('Step 7 - Dept Head'!B6="","","Equals") | K309: =IF('Step 7 - Dept Head'!B6="","",'Step 7 - Dept Head'!D6) | L309: =IF('Step 7 - Dept Head'!B6="","","Other Criteria") | M309: =IF('Step 7 - Dept Head'!B6="","","Equals") | N309: =IF('Step 7 - Dept Head'!B6="","",'Step 7 - Dept Head'!E6) | O309: =IF('Step 7 - Dept Head'!B6="","",IF('Step 7 - Dept Head'!F6="","","Total")) | P309: =IF('Step 7 - Dept Head'!B6="","",IF('Step 7 - Dept Head'!F6="","",">=")) | Q309: =IF('Step 7 - Dept Head'!B6="","",IF('Step 7 - Dept Head'!F6="","",'Step 7 - Dept Head'!F6)) | R309: ="" | S309: ="" | T309: ="" | U309: =IF('Step 7 - Dept Head'!B6="","",'Step 7 - Dept Head'!I6) | V309: =IF('Step 7 - Dept Head'!B6="","",'Step 7 - Dept Head'!K6) | W309: =IF('Step 7 - Dept Head'!B6="","",'Step 7 - Dept Head'!L6) | X309: =IF('Step 7 - Dept Head'!B6="","",'Step 7 - Dept Head'!N6) | Y309: ="" | Z309: ="" | AA309: ="" | AB309: ="" | AC309: ="" | AD309: ="" | AE309: ="" | AF309: ="" | ... AM309: =""
A310: =IF('Step 7 - Dept Head'!B7="","","Active") | B310: =IF('Step 7 - Dept Head'!B7="","",'Step 7 - Dept Head'!B7) | C310: =IF('Step 7 - Dept Head'!B7="","",'Step 7 - Dept Head'!B7) | D310: =IF('Step 7 - Dept Head'!B7="","",'Step 7 - Dept Head'!G7) | E310: =IF('Step 7 - Dept Head'!B7="","",'Step 7 - Dept Head'!H7) | F310: =IF('Step 7 - Dept Head'!B7="","",IF('Step 7 - Dept Head'!C7="","","Fund Code")) | G310: =IF('Step 7 - Dept Head'!B7="","",IF('Step 7 - Dept Head'!C7="","","Equals")) | H310: =IF('Step 7 - Dept Head'!B7="","",IF('Step 7 - Dept Head'!C7="","",'Step 7 - Dept Head'!C7)) | I310: =IF('Step 7 - Dept Head'!B7="","","Organization Code") | J310: =IF('Step 7 - Dept Head'!B7="","","Equals") | K310: =IF('Step 7 - Dept Head'!B7="","",'Step 7 - Dept Head'!D7) | L310: =IF('Step 7 - Dept Head'!B7="","","Other Criteria") | M310: =IF('Step 7 - Dept Head'!B7="","","Equals") | N310: =IF('Step 7 - Dept Head'!B7="","",'Step 7 - Dept Head'!E7) | O310: =IF('Step 7 - Dept Head'!B7="","",IF('Step 7 - Dept Head'!F7="","","Total")) | P310: =IF('Step 7 - Dept Head'!B7="","",IF('Step 7 - Dept Head'!F7="","",">=")) | Q310: =IF('Step 7 - Dept Head'!B7="","",IF('Step 7 - Dept Head'!F7="","",'Step 7 - Dept Head'!F7)) | R310: ="" | S310: ="" | T310: ="" | U310: =IF('Step 7 - Dept Head'!B7="","",'Step 7 - Dept Head'!I7) | V310: =IF('Step 7 - Dept Head'!B7="","",'Step 7 - Dept Head'!K7) | W310: =IF('Step 7 - Dept Head'!B7="","",'Step 7 - Dept Head'!L7) | X310: =IF('Step 7 - Dept Head'!B7="","",'Step 7 - Dept Head'!N7) | Y310: ="" | Z310: ="" | AA310: ="" | AB310: ="" | AC310: ="" | AD310: ="" | AE310: ="" | AF310: ="" | ... AM310: =""
A311: =IF('Step 7 - Dept Head'!B8="","","Active") | B311: =IF('Step 7 - Dept Head'!B8="","",'Step 7 - Dept Head'!B8) | C311: =IF('Step 7 - Dept Head'!B8="","",'Step 7 - Dept Head'!B8) | D311: =IF('Step 7 - Dept Head'!B8="","",'Step 7 - Dept Head'!G8) | E311: =IF('Step 7 - Dept Head'!B8="","",'Step 7 - Dept Head'!H8) | F311: =IF('Step 7 - Dept Head'!B8="","",IF('Step 7 - Dept Head'!C8="","","Fund Code")) | G311: =IF('Step 7 - Dept Head'!B8="","",IF('Step 7 - Dept Head'!C8="","","Equals")) | H311: =IF('Step 7 - Dept Head'!B8="","",IF('Step 7 - Dept Head'!C8="","",'Step 7 - Dept Head'!C8)) | I311: =IF('Step 7 - Dept Head'!B8="","","Organization Code") | J311: =IF('Step 7 - Dept Head'!B8="","","Equals") | K311: =IF('Step 7 - Dept Head'!B8="","",'Step 7 - Dept Head'!D8) | L311: =IF('Step 7 - Dept Head'!B8="","","Other Criteria") | M311: =IF('Step 7 - Dept Head'!B8="","","Equals") | N311: =IF('Step 7 - Dept Head'!B8="","",'Step 7 - Dept Head'!E8) | O311: =IF('Step 7 - Dept Head'!B8="","",IF('Step 7 - Dept Head'!F8="","","Total")) | P311: =IF('Step 7 - Dept Head'!B8="","",IF('Step 7 - Dept Head'!F8="","",">=")) | Q311: =IF('Step 7 - Dept Head'!B8="","",IF('Step 7 - Dept Head'!F8="","",'Step 7 - Dept Head'!F8)) | R311: ="" | S311: ="" | T311: ="" | U311: =IF('Step 7 - Dept Head'!B8="","",'Step 7 - Dept Head'!I8) | V311: =IF('Step 7 - Dept Head'!B8="","",'Step 7 - Dept Head'!K8) | W311: =IF('Step 7 - Dept Head'!B8="","",'Step 7 - Dept Head'!L8) | X311: =IF('Step 7 - Dept Head'!B8="","",'Step 7 - Dept Head'!N8) | Y311: ="" | Z311: ="" | AA311: ="" | AB311: ="" | AC311: ="" | AD311: ="" | AE311: ="" | AF311: ="" | ... AM311: =""
A312: =IF('Step 7 - Dept Head'!B9="","","Active") | B312: =IF('Step 7 - Dept Head'!B9="","",'Step 7 - Dept Head'!B9) | C312: =IF('Step 7 - Dept Head'!B9="","",'Step 7 - Dept Head'!B9) | D312: =IF('Step 7 - Dept Head'!B9="","",'Step 7 - Dept Head'!G9) | E312: =IF('Step 7 - Dept Head'!B9="","",'Step 7 - Dept Head'!H9) | F312: =IF('Step 7 - Dept Head'!B9="","",IF('Step 7 - Dept Head'!C9="","","Fund Code")) | G312: =IF('Step 7 - Dept Head'!B9="","",IF('Step 7 - Dept Head'!C9="","","Equals")) | H312: =IF('Step 7 - Dept Head'!B9="","",IF('Step 7 - Dept Head'!C9="","",'Step 7 - Dept Head'!C9)) | I312: =IF('Step 7 - Dept Head'!B9="","","Organization Code") | J312: =IF('Step 7 - Dept Head'!B9="","","Equals") | K312: =IF('Step 7 - Dept Head'!B9="","",'Step 7 - Dept Head'!D9) | L312: =IF('Step 7 - Dept Head'!B9="","","Other Criteria") | M312: =IF('Step 7 - Dept Head'!B9="","","Equals") | N312: =IF('Step 7 - Dept Head'!B9="","",'Step 7 - Dept Head'!E9) | O312: =IF('Step 7 - Dept Head'!B9="","",IF('Step 7 - Dept Head'!F9="","","Total")) | P312: =IF('Step 7 - Dept Head'!B9="","",IF('Step 7 - Dept Head'!F9="","",">=")) | Q312: =IF('Step 7 - Dept Head'!B9="","",IF('Step 7 - Dept Head'!F9="","",'Step 7 - Dept Head'!F9)) | R312: ="" | S312: ="" | T312: ="" | U312: =IF('Step 7 - Dept Head'!B9="","",'Step 7 - Dept Head'!I9) | V312: =IF('Step 7 - Dept Head'!B9="","",'Step 7 - Dept Head'!K9) | W312: =IF('Step 7 - Dept Head'!B9="","",'Step 7 - Dept Head'!L9) | X312: =IF('Step 7 - Dept Head'!B9="","",'Step 7 - Dept Head'!N9) | Y312: ="" | Z312: ="" | AA312: ="" | AB312: ="" | AC312: ="" | AD312: ="" | AE312: ="" | AF312: ="" | ... AM312: =""
A313: =IF('Step 7 - Dept Head'!B10="","","Active") | B313: =IF('Step 7 - Dept Head'!B10="","",'Step 7 - Dept Head'!B10) | C313: =IF('Step 7 - Dept Head'!B10="","",'Step 7 - Dept Head'!B10) | D313: =IF('Step 7 - Dept Head'!B10="","",'Step 7 - Dept Head'!G10) | E313: =IF('Step 7 - Dept Head'!B10="","",'Step 7 - Dept Head'!H10) | F313: =IF('Step 7 - Dept Head'!B10="","",IF('Step 7 - Dept Head'!C10="","","Fund Code")) | G313: =IF('Step 7 - Dept Head'!B10="","",IF('Step 7 - Dept Head'!C10="","","Equals")) | H313: =IF('Step 7 - Dept Head'!B10="","",IF('Step 7 - Dept Head'!C10="","",'Step 7 - Dept Head'!C10)) | I313: =IF('Step 7 - Dept Head'!B10="","","Organization Code") | J313: =IF('Step 7 - Dept Head'!B10="","","Equals") | K313: =IF('Step 7 - Dept Head'!B10="","",'Step 7 - Dept Head'!D10) | L313: =IF('Step 7 - Dept Head'!B10="","","Other Criteria") | M313: =IF('Step 7 - Dept Head'!B10="","","Equals") | N313: =IF('Step 7 - Dept Head'!B10="","",'Step 7 - Dept Head'!E10) | O313: =IF('Step 7 - Dept Head'!B10="","",IF('Step 7 - Dept Head'!F10="","","Total")) | P313: =IF('Step 7 - Dept Head'!B10="","",IF('Step 7 - Dept Head'!F10="","",">=")) | Q313: =IF('Step 7 - Dept Head'!B10="","",IF('Step 7 - Dept Head'!F10="","",'Step 7 - Dept Head'!F10)) | R313: ="" | S313: ="" | T313: ="" | U313: =IF('Step 7 - Dept Head'!B10="","",'Step 7 - Dept Head'!I10) | V313: =IF('Step 7 - Dept Head'!B10="","",'Step 7 - Dept Head'!K10) | W313: =IF('Step 7 - Dept Head'!B10="","",'Step 7 - Dept Head'!L10) | X313: =IF('Step 7 - Dept Head'!B10="","",'Step 7 - Dept Head'!N10) | Y313: ="" | Z313: ="" | AA313: ="" | AB313: ="" | AC313: ="" | AD313: ="" | AE313: ="" | AF313: ="" | ... AM313: =""
A314: =IF('Step 7 - Dept Head'!B11="","","Active") | B314: =IF('Step 7 - Dept Head'!B11="","",'Step 7 - Dept Head'!B11) | C314: =IF('Step 7 - Dept Head'!B11="","",'Step 7 - Dept Head'!B11) | D314: =IF('Step 7 - Dept Head'!B11="","",'Step 7 - Dept Head'!G11) | E314: =IF('Step 7 - Dept Head'!B11="","",'Step 7 - Dept Head'!H11) | F314: =IF('Step 7 - Dept Head'!B11="","",IF('Step 7 - Dept Head'!C11="","","Fund Code")) | G314: =IF('Step 7 - Dept Head'!B11="","",IF('Step 7 - Dept Head'!C11="","","Equals")) | H314: =IF('Step 7 - Dept Head'!B11="","",IF('Step 7 - Dept Head'!C11="","",'Step 7 - Dept Head'!C11)) | I314: =IF('Step 7 - Dept Head'!B11="","","Organization Code") | J314: =IF('Step 7 - Dept Head'!B11="","","Equals") | K314: =IF('Step 7 - Dept Head'!B11="","",'Step 7 - Dept Head'!D11) | L314: =IF('Step 7 - Dept Head'!B11="","","Other Criteria") | M314: =IF('Step 7 - Dept Head'!B11="","","Equals") | N314: =IF('Step 7 - Dept Head'!B11="","",'Step 7 - Dept Head'!E11) | O314: =IF('Step 7 - Dept Head'!B11="","",IF('Step 7 - Dept Head'!F11="","","Total")) | P314: =IF('Step 7 - Dept Head'!B11="","",IF('Step 7 - Dept Head'!F11="","",">=")) | Q314: =IF('Step 7 - Dept Head'!B11="","",IF('Step 7 - Dept Head'!F11="","",'Step 7 - Dept Head'!F11)) | R314: ="" | S314: ="" | T314: ="" | U314: =IF('Step 7 - Dept Head'!B11="","",'Step 7 - Dept Head'!I11) | V314: =IF('Step 7 - Dept Head'!B11="","",'Step 7 - Dept Head'!K11) | W314: =IF('Step 7 - Dept Head'!B11="","",'Step 7 - Dept Head'!L11) | X314: =IF('Step 7 - Dept Head'!B11="","",'Step 7 - Dept Head'!N11) | Y314: ="" | Z314: ="" | AA314: ="" | AB314: ="" | AC314: ="" | AD314: ="" | AE314: ="" | AF314: ="" | ... AM314: =""
A315: =IF('Step 7 - Dept Head'!B12="","","Active") | B315: =IF('Step 7 - Dept Head'!B12="","",'Step 7 - Dept Head'!B12) | C315: =IF('Step 7 - Dept Head'!B12="","",'Step 7 - Dept Head'!B12) | D315: =IF('Step 7 - Dept Head'!B12="","",'Step 7 - Dept Head'!G12) | E315: =IF('Step 7 - Dept Head'!B12="","",'Step 7 - Dept Head'!H12) | F315: =IF('Step 7 - Dept Head'!B12="","",IF('Step 7 - Dept Head'!C12="","","Fund Code")) | G315: =IF('Step 7 - Dept Head'!B12="","",IF('Step 7 - Dept Head'!C12="","","Equals")) | H315: =IF('Step 7 - Dept Head'!B12="","",IF('Step 7 - Dept Head'!C12="","",'Step 7 - Dept Head'!C12)) | I315: =IF('Step 7 - Dept Head'!B12="","","Organization Code") | J315: =IF('Step 7 - Dept Head'!B12="","","Equals") | K315: =IF('Step 7 - Dept Head'!B12="","",'Step 7 - Dept Head'!D12) | L315: =IF('Step 7 - Dept Head'!B12="","","Other Criteria") | M315: =IF('Step 7 - Dept Head'!B12="","","Equals") | N315: =IF('Step 7 - Dept Head'!B12="","",'Step 7 - Dept Head'!E12) | O315: =IF('Step 7 - Dept Head'!B12="","",IF('Step 7 - Dept Head'!F12="","","Total")) | P315: =IF('Step 7 - Dept Head'!B12="","",IF('Step 7 - Dept Head'!F12="","",">=")) | Q315: =IF('Step 7 - Dept Head'!B12="","",IF('Step 7 - Dept Head'!F12="","",'Step 7 - Dept Head'!F12)) | R315: ="" | S315: ="" | T315: ="" | U315: =IF('Step 7 - Dept Head'!B12="","",'Step 7 - Dept Head'!I12) | V315: =IF('Step 7 - Dept Head'!B12="","",'Step 7 - Dept Head'!K12) | W315: =IF('Step 7 - Dept Head'!B12="","",'Step 7 - Dept Head'!L12) | X315: =IF('Step 7 - Dept Head'!B12="","",'Step 7 - Dept Head'!N12) | Y315: ="" | Z315: ="" | AA315: ="" | AB315: ="" | AC315: ="" | AD315: ="" | AE315: ="" | AF315: ="" | ... AM315: =""
A316: =IF('Step 7 - Dept Head'!B13="","","Active") | B316: =IF('Step 7 - Dept Head'!B13="","",'Step 7 - Dept Head'!B13) | C316: =IF('Step 7 - Dept Head'!B13="","",'Step 7 - Dept Head'!B13) | D316: =IF('Step 7 - Dept Head'!B13="","",'Step 7 - Dept Head'!G13) | E316: =IF('Step 7 - Dept Head'!B13="","",'Step 7 - Dept Head'!H13) | F316: =IF('Step 7 - Dept Head'!B13="","",IF('Step 7 - Dept Head'!C13="","","Fund Code")) | G316: =IF('Step 7 - Dept Head'!B13="","",IF('Step 7 - Dept Head'!C13="","","Equals")) | H316: =IF('Step 7 - Dept Head'!B13="","",IF('Step 7 - Dept Head'!C13="","",'Step 7 - Dept Head'!C13)) | I316: =IF('Step 7 - Dept Head'!B13="","","Organization Code") | J316: =IF('Step 7 - Dept Head'!B13="","","Equals") | K316: =IF('Step 7 - Dept Head'!B13="","",'Step 7 - Dept Head'!D13) | L316: =IF('Step 7 - Dept Head'!B13="","","Other Criteria") | M316: =IF('Step 7 - Dept Head'!B13="","","Equals") | N316: =IF('Step 7 - Dept Head'!B13="","",'Step 7 - Dept Head'!E13) | O316: =IF('Step 7 - Dept Head'!B13="","",IF('Step 7 - Dept Head'!F13="","","Total")) | P316: =IF('Step 7 - Dept Head'!B13="","",IF('Step 7 - Dept Head'!F13="","",">=")) | Q316: =IF('Step 7 - Dept Head'!B13="","",IF('Step 7 - Dept Head'!F13="","",'Step 7 - Dept Head'!F13)) | R316: ="" | S316: ="" | T316: ="" | U316: =IF('Step 7 - Dept Head'!B13="","",'Step 7 - Dept Head'!I13) | V316: =IF('Step 7 - Dept Head'!B13="","",'Step 7 - Dept Head'!K13) | W316: =IF('Step 7 - Dept Head'!B13="","",'Step 7 - Dept Head'!L13) | X316: =IF('Step 7 - Dept Head'!B13="","",'Step 7 - Dept Head'!N13) | Y316: ="" | Z316: ="" | AA316: ="" | AB316: ="" | AC316: ="" | AD316: ="" | AE316: ="" | AF316: ="" | ... AM316: =""
...
